Workbook

Sheet Sheet3
C4: 약관 | M4: 종목 | N4: 거래유형 | O4: 적용 환율 | P4: 수량 | Q4: 매수금액 | R4: 매수일자 | S4: 비고 | T4: 매도금액 | U4: 매도일자
M5: 솔트룩스 | N5: 토스 | O5: 1 | P5: 100 | Q5: 56500 | R5: 45817 | S5: 약관 | V5: =P5*Q5 -> 5650000
D6: 매수총액 | E6: 매도총액 | F6: 잔액 | G6: 45000000 | I6: 상환일자 | J6: 원금 금액 | M6: 솔트룩스 | N6: 토스 | O6: 1 | P6: 20 | Q6: 56100 | R6: 45817 | S6: 약관 | V6: =P6*Q6 -> 1122000
C7: 45807 | D7: =SUMIF($R$5:$R$269,$C7,$V$5:$V$269) -> 24867800 | E7: =SUMIF($U$5:$U$269,$C7,$V$5:$V$269) -> 0 | F7: =D7-E7 -> 24867800 | G7: =G6-H7 -> 44620000 | H7: =SUMIF($I$7:$I$49,$C7,$J$7:$J$49) -> 380000 | I7: 45807 | J7: 200000 | M7: 솔트룩스 | N7: 토스 | O7: 1 | P7: 17 | Q7: 52900 | R7: 45818 | S7: 약관 | V7: =P7*Q7 -> 899300
C8: 45808 | D8: =SUMIF($R$5:$R$269,$C8,$V$5:$V$269) -> 0 | E8: =SUMIF($U$5:$U$269,$C8,$V$5:$V$269) -> 0 | F8: =F7+D8-E8 -> 24867800 | G8: =G7-H8 -> 44620000 | H8: =SUMIF($I$7:$I$49,$C8,$J$7:$J$49) -> 0 | I8: 45807 | J8: 180000 | M8: 코나아이 | N8: 토스 | O8: 1 | P8: 10 | Q8: 70500 | R8: 45818 | S8: 약관 | T8: 80500 | U8: 45826 | V8: =P8*Q8 -> 705000
C9: 45809 | D9: =SUMIF($R$5:$R$269,$C9,$V$5:$V$269) -> 0 | E9: =SUMIF($U$5:$U$269,$C9,$V$5:$V$269) -> 0 | F9: =F8+D9-E9 -> 24867800 | G9: =G8-H9 -> 44620000 | H9: =SUMIF($I$7:$I$49,$C9,$J$7:$J$49) -> 0 | I9: 45810 | J9: 1460000 | M9: 솔트룩스 | N9: 토스 | O9: 1 | P9: 30 | Q9: 55300 | R9: 45819 | S9: 약관 | V9: =P9*Q9 -> 1659000
C10: 45810 | D10: =SUMIF($R$5:$R$269,$C10,$V$5:$V$269) -> 7909180 | E10: =SUMIF($U$5:$U$269,$C10,$V$5:$V$269) -> 15870500 | F10: =F9+D10-E10 -> 16906480 | G10: =G9-H10 -> 43160000 | H10: =SUMIF($I$7:$I$49,$C10,$J$7:$J$49) -> 1460000 | I10: 45812 | J10: 220000 | M10: 코나아이 | N10: 토스 | O10: 1 | P10: 10 | Q10: 71100 | R10: 45819 | S10: 약관 | T10: 80500 | U10: 45826 | V10: =P10*Q10 -> 711000
C11: 45811 | D11: =SUMIF($R$5:$R$269,$C11,$V$5:$V$269) -> 0 | E11: =SUMIF($U$5:$U$269,$C11,$V$5:$V$269) -> 0 | F11: =F10+D11-E11 -> 16906480 | G11: =G10-H11 -> 43160000 | H11: =SUMIF($I$7:$I$49,$C11,$J$7:$J$49) -> 0 | I11: 45813 | J11: 170000 | M11: 코나아이 | N11: 토스 | O11: 1 | P11: 13 | Q11: 71300 | R11: 45819 | S11: 약관 | T11: 80500 | U11: 45826 | V11: =P11*Q11 -> 926900
C12: 45812 | D12: =SUMIF($R$5:$R$269,$C12,$V$5:$V$269) -> 13408600 | E12: =SUMIF($U$5:$U$269,$C12,$V$5:$V$269) -> 9754300 | F12: =F11+D12-E12 -> 20560780 | G12: =G11-H12 -> 42940000 | H12: =SUMIF($I$7:$I$49,$C12,$J$7:$J$49) -> 220000 | I12: 45817 | J12: 270000 | M12: 솔트룩스 | N12: 토스 | O12: 1 | P12: 10 | Q12: 52700 | R12: 45820 | S12: 약관 | V12: =P12*Q12 -> 527000
C13: 45813 | D13: =SUMIF($R$5:$R$269,$C13,$V$5:$V$269) -> 19892150 | E13: =SUMIF($U$5:$U$269,$C13,$V$5:$V$269) -> 4536300 | F13: =F12+D13-E13 -> 35916630 | G13: =G12-H13 -> 42770000 | H13: =SUMIF($I$7:$I$49,$C13,$J$7:$J$49) -> 170000 | I13: 45818 | J13: 900000 | M13: 솔트룩스 | N13: 토스 | O13: 1 | P13: 6 | Q13: 51000 | R13: 45820 | S13: 약관 | V13: =P13*Q13 -> 306000
C14: 45814 | D14: =SUMIF($R$5:$R$269,$C14,$V$5:$V$269) -> 0 | E14: =SUMIF($U$5:$U$269,$C14,$V$5:$V$269) -> 0 | F14: =F13+D14-E14 -> 35916630 | G14: =G13-H14 -> 42770000 | H14: =SUMIF($I$7:$I$49,$C14,$J$7:$J$49) -> 0 | I14: 45819 | J14: 300000 | M14: 신테카바이오 | N14: 토스 | O14: 1 | P14: 300 | Q14: 7940 | R14: 45820 | S14: 약관 | V14: =P14*Q14 -> 2382000
C15: 45815 | D15: =SUMIF($R$5:$R$269,$C15,$V$5:$V$269) -> 0 | E15: =SUMIF($U$5:$U$269,$C15,$V$5:$V$269) -> 0 | F15: =F14+D15-E15 -> 35916630 | G15: =G14-H15 -> 42770000 | H15: =SUMIF($I$7:$I$49,$C15,$J$7:$J$49) -> 0 | I15: 45820 | J15: 410000 | M15: 코나아이 | N15: 토스 | O15: 1 | P15: 10 | Q15: 69300 | R15: 45820 | S15: 약관 | T15: 80500 | U15: 45826 | V15: =P15*Q15 -> 693000
C16: 45816 | D16: =SUMIF($R$5:$R$269,$C16,$V$5:$V$269) -> 0 | E16: =SUMIF($U$5:$U$269,$C16,$V$5:$V$269) -> 0 | F16: =F15+D16-E16 -> 35916630 | G16: =G15-H16 -> 42770000 | H16: =SUMIF($I$7:$I$49,$C16,$J$7:$J$49) -> 0 | I16: 45824 | J16: 450000 | M16: 코나아이 | N16: 토스 | O16: 1 | P16: 9 | Q16: 69400 | R16: 45820 | S16: 약관 | T16: 80500 | U16: 45826 | V16: =P16*Q16 -> 624600
C17: 45817 | D17: =SUMIF($R$5:$R$269,$C17,$V$5:$V$269) -> 30274000 | E17: =SUMIF($U$5:$U$269,$C17,$V$5:$V$269) -> 23034500 | F17: =F16+D17-E17 -> 43156130 | G17: =G16-H17 -> 42500000 | H17: =SUMIF($I$7:$I$49,$C17,$J$7:$J$49) -> 270000 | I17: 45826 | J17: 800000
C18: 45818 | D18: =SUMIF($R$5:$R$269,$C18,$V$5:$V$269) -> 7966300 | E18: =SUMIF($U$5:$U$269,$C18,$V$5:$V$269) -> 18068450 | F18: =F17+D18-E18 -> 33053980 | G18: =G17-H18 -> 41600000 | H18: =SUMIF($I$7:$I$49,$C18,$J$7:$J$49) -> 900000 | I18: 45832 | J18: 200000
C19: 45819 | D19: =SUMIF($R$5:$R$269,$C19,$V$5:$V$269) -> 16033900 | E19: =SUMIF($U$5:$U$269,$C19,$V$5:$V$269) -> 12183000 | F19: =F18+D19-E19 -> 36904880 | G19: =G18-H19 -> 41300000 | H19: =SUMIF($I$7:$I$49,$C19,$J$7:$J$49) -> 300000 | I19: 45834 | J19: 440000 | M19: LG씨엔에스 | N19: 토스 | O19: 1 | P19: 3 | Q19: 66000 | R19: 45824 | S19: 약관 | V19: =P19*Q19 -> 198000
C20: 45820 | D20: =SUMIF($R$5:$R$269,$C20,$V$5:$V$269) -> 6858600 | E20: =SUMIF($U$5:$U$269,$C20,$V$5:$V$269) -> 10424280 | F20: =F19+D20-E20 -> 33339200 | G20: =G19-H20 -> 40890000 | H20: =SUMIF($I$7:$I$49,$C20,$J$7:$J$49) -> 410000 | I20: 45838 | J20: 750000 | M20: 신테카바이오 | N20: 토스 | O20: 1 | P20: 65 | Q20: 7450 | R20: 45824 | S20: 약관 | V20: =P20*Q20 -> 484250
C21: 45821 | D21: =SUMIF($R$5:$R$269,$C21,$V$5:$V$269) -> 7616500 | E21: =SUMIF($U$5:$U$269,$C21,$V$5:$V$269) -> 0 | F21: =F20+D21-E21 -> 40955700 | G21: =G20-H21 -> 40890000 | H21: =SUMIF($I$7:$I$49,$C21,$J$7:$J$49) -> 0 | I21: 45841 | J21: 90000 | M21: 솔트룩스 | N21: 토스 | O21: 1 | P21: 10 | Q21: 48100 | R21: 45825 | S21: 약관 | V21: =P21*Q21 -> 481000
C22: 45822 | D22: =SUMIF($R$5:$R$269,$C22,$V$5:$V$269) -> 0 | E22: =SUMIF($U$5:$U$269,$C22,$V$5:$V$269) -> 0 | F22: =F21+D22-E22 -> 40955700 | G22: =G21-H22 -> 40890000 | H22: =SUMIF($I$7:$I$49,$C22,$J$7:$J$49) -> 0 | I22: 45848 | J22: 500000 | M22: 뉴프렉스 | N22: 토스 | O22: 1 | P22: 100 | Q22: 4530 | R22: 45826 | S22: 약관 | V22: =P22*Q22 -> 453000
C23: 45823 | D23: =SUMIF($R$5:$R$269,$C23,$V$5:$V$269) -> 0 | E23: =SUMIF($U$5:$U$269,$C23,$V$5:$V$269) -> 0 | F23: =F22+D23-E23 -> 40955700 | G23: =G22-H23 -> 40890000 | H23: =SUMIF($I$7:$I$49,$C23,$J$7:$J$49) -> 0 | I23: 45867 | J23: 260000 | M23: 솔트룩스 | N23: 토스 | O23: 1 | P23: 31 | Q23: 51000 | R23: 45826 | S23: 약관 | V23: =P23*Q23 -> 1581000
C24: 45824 | D24: =SUMIF($R$5:$R$269,$C24,$V$5:$V$269) -> 7620770 | E24: =SUMIF($U$5:$U$269,$C24,$V$5:$V$269) -> 11333000 | F24: =F23+D24-E24 -> 37243470 | G24: =G23-H24 -> 40440000 | H24: =SUMIF($I$7:$I$49,$C24,$J$7:$J$49) -> 450000 | I24: 45916 | J24: 800000 | M24: 솔트룩스 | N24: 토스 | O24: 1 | P24: 5 | Q24: 49800 | R24: 45826 | S24: 약관 | V24: =P24*Q24 -> 249000
C25: 45825 | D25: =SUMIF($R$5:$R$269,$C25,$V$5:$V$269) -> 4239250 | E25: =SUMIF($U$5:$U$269,$C25,$V$5:$V$269) -> 0 | F25: =F24+D25-E25 -> 41482720 | G25: =G24-H25 -> 40440000 | H25: =SUMIF($I$7:$I$49,$C25,$J$7:$J$49) -> 0 | I25: 45919 | J25: 400000 | M25: 코나아이 | N25: 토스 | O25: 1 | P25: 15 | Q25: 78000 | R25: 45826 | S25: 약관 | V25: =P25*Q25 -> 1170000
C26: 45826 | D26: =SUMIF($R$5:$R$269,$C26,$V$5:$V$269) -> 4555000 | E26: =SUMIF($U$5:$U$269,$C26,$V$5:$V$269) -> 6659270 | F26: =F25+D26-E26 -> 39378450 | G26: =G25-H26 -> 39640000 | H26: =SUMIF($I$7:$I$49,$C26,$J$7:$J$49) -> 800000 | I26: 45922 | J26: 780000 | M26: 코나아이 | N26: 토스 | O26: 1 | P26: 10 | Q26: 78400 | R26: 45826 | S26: 약관 | V26: =P26*Q26 -> 784000
C27: 45827 | D27: =SUMIF($R$5:$R$269,$C27,$V$5:$V$269) -> 556000 | E27: =SUMIF($U$5:$U$269,$C27,$V$5:$V$269) -> 0 | F27: =F26+D27-E27 -> 39934450 | G27: =G26-H27 -> 39640000 | H27: =SUMIF($I$7:$I$49,$C27,$J$7:$J$49) -> 0 | I27: 45926 | J27: 200000
C28: 45828 | D28: =SUMIF($R$5:$R$269,$C28,$V$5:$V$269) -> 0 | E28: =SUMIF($U$5:$U$269,$C28,$V$5:$V$269) -> 0 | F28: =F27+D28-E28 -> 39934450 | G28: =G27-H28 -> 39640000 | H28: =SUMIF($I$7:$I$49,$C28,$J$7:$J$49) -> 0 | I28: 45926 | J28: 464000
C29: 45829 | D29: =SUMIF($R$5:$R$269,$C29,$V$5:$V$269) -> 0 | E29: =SUMIF($U$5:$U$269,$C29,$V$5:$V$269) -> 0 | F29: =F28+D29-E29 -> 39934450 | G29: =G28-H29 -> 39640000 | H29: =SUMIF($I$7:$I$49,$C29,$J$7:$J$49) -> 0 | I29: 45931 | J29: 900700
C30: 45830 | D30: =SUMIF($R$5:$R$269,$C30,$V$5:$V$269) -> 0 | E30: =SUMIF($U$5:$U$269,$C30,$V$5:$V$269) -> 0 | F30: =F29+D30-E30 -> 39934450 | G30: =G29-H30 -> 39640000 | H30: =SUMIF($I$7:$I$49,$C30,$J$7:$J$49) -> 0 | I30: 45940 | J30: 100000
C31: 45831 | D31: =SUMIF($R$5:$R$269,$C31,$V$5:$V$269) -> 0 | E31: =SUMIF($U$5:$U$269,$C31,$V$5:$V$269) -> 0 | F31: =F30+D31-E31 -> 39934450 | G31: =G30-H31 -> 39640000 | H31: =SUMIF($I$7:$I$49,$C31,$J$7:$J$49) -> 0 | I31: 45940 | J31: 455100 | M31: 신테카바이오 | N31: 토스 | O31: 1 | P31: 10 | Q31: 6780 | R31: 45848 | S31: 약관 | V31: =P31*Q31 -> 67800
C32: 45832 | D32: =SUMIF($R$5:$R$269,$C32,$V$5:$V$269) -> 0 | E32: =SUMIF($U$5:$U$269,$C32,$V$5:$V$269) -> 2580200 | F32: =F31+D32-E32 -> 37354250 | G32: =G31-H32 -> 39440000 | H32: =SUMIF($I$7:$I$49,$C32,$J$7:$J$49) -> 200000 | I32: 45945 | J32: 520000 | M32: 코나아이 | N32: 토스 | O32: 1 | P32: 4 | Q32: 59300 | R32: 45848 | S32: 약관 | V32: =P32*Q32 -> 237200
C33: 45833 | D33: =SUMIF($R$5:$R$269,$C33,$V$5:$V$269) -> 2485000 | E33: =SUMIF($U$5:$U$269,$C33,$V$5:$V$269) -> 0 | F33: =F32+D33-E33 -> 39839250 | G33: =G32-H33 -> 39440000 | H33: =SUMIF($I$7:$I$49,$C33,$J$7:$J$49) -> 0 | I33: 45950 | J33: 72300 | M33: 한화손해보험 | N33: 토스 | O33: 1 | P33: 50 | Q33: 7320 | R33: 45855 | S33: 약관 | T33: 6600 | U33: 46057 | V33: =P33*Q33 -> 366000
C34: 45834 | D34: =SUMIF($R$5:$R$269,$C34,$V$5:$V$269) -> 0 | E34: =SUMIF($U$5:$U$269,$C34,$V$5:$V$269) -> 2611000 | F34: =F33+D34-E34 -> 37228250 | G34: =G33-H34 -> 39000000 | H34: =SUMIF($I$7:$I$49,$C34,$J$7:$J$49) -> 440000 | I34: 45957 | J34: 315000 | M34: 한화손해보험 | N34: 토스 | O34: 1 | P34: 20 | Q34: 6450 | R34: 45861 | S34: 약관 | T34: 6600 | U34: 46057 | V34: =P34*Q34 -> 129000
C35: 45835 | D35: =SUMIF($R$5:$R$269,$C35,$V$5:$V$269) -> 307500 | E35: =SUMIF($U$5:$U$269,$C35,$V$5:$V$269) -> 0 | F35: =F34+D35-E35 -> 37535750 | G35: =G34-H35 -> 39000000 | H35: =SUMIF($I$7:$I$49,$C35,$J$7:$J$49) -> 0 | I35: 45958 | J35: 570000 | M35: 한화손해보험 | N35: 토스 | O35: 1 | P35: 20 | Q35: 5930 | R35: 45880 | S35: 약관 | T35: 6600 | U35: 46057 | V35: =P35*Q35 -> 118600
C36: 45836 | D36: =SUMIF($R$5:$R$269,$C36,$V$5:$V$269) -> 0 | E36: =SUMIF($U$5:$U$269,$C36,$V$5:$V$269) -> 0 | F36: =F35+D36-E36 -> 37535750 | G36: =G35-H36 -> 39000000 | H36: =SUMIF($I$7:$I$49,$C36,$J$7:$J$49) -> 0 | I36: 45961 | J36: 1500000 | M36: 신테카바이오 | N36: 토스 | O36: 1 | P36: 22 | Q36: 5750 | R36: 45894 | S36: 약관 | V36: =P36*Q36 -> 126500
C37: 45837 | D37: =SUMIF($R$5:$R$269,$C37,$V$5:$V$269) -> 0 | E37: =SUMIF($U$5:$U$269,$C37,$V$5:$V$269) -> 0 | F37: =F36+D37-E37 -> 37535750 | G37: =G36-H37 -> 39000000 | H37: =SUMIF($I$7:$I$49,$C37,$J$7:$J$49) -> 0 | I37: 45971 | J37: 105400 | M37: 코나아이 | N37: 토스 | O37: 1 | P37: 7 | Q37: 52800 | R37: 45894 | S37: 약관 | V37: =P37*Q37 -> 369600
C38: 45838 | D38: =SUMIF($R$5:$R$269,$C38,$V$5:$V$269) -> 2548000 | E38: =SUMIF($U$5:$U$269,$C38,$V$5:$V$269) -> 3456500 | F38: =F37+D38-E38 -> 36627250 | G38: =G37-H38 -> 38250000 | H38: =SUMIF($I$7:$I$49,$C38,$J$7:$J$49) -> 750000 | I38: 45973 | J38: 937009 | M38: 한화손해보험 | N38: 토스 | O38: 1 | P38: 30 | Q38: 5350 | R38: 45894 | S38: 약관 | T38: 6600 | U38: 46057 | V38: =P38*Q38 -> 160500
C39: 45839 | D39: =SUMIF($R$5:$R$269,$C39,$V$5:$V$269) -> 2574700 | E39: =SUMIF($U$5:$U$269,$C39,$V$5:$V$269) -> 0 | F39: =F38+D39-E39 -> 39201950 | G39: =G38-H39 -> 38250000 | H39: =SUMIF($I$7:$I$49,$C39,$J$7:$J$49) -> 0 | I39: 45987 | J39: 400000 | M39: 한화손해보험 | N39: 토스 | O39: 1 | P39: 150 | Q39: 6370 | R39: 45916 | S39: 약관 | T39: 6600 | U39: 46057 | V39: =P39*Q39 -> 955500
C40: 45840 | D40: =SUMIF($R$5:$R$269,$C40,$V$5:$V$269) -> 0 | E40: =SUMIF($U$5:$U$269,$C40,$V$5:$V$269) -> 0 | F40: =F39+D40-E40 -> 39201950 | G40: =G39-H40 -> 38250000 | H40: =SUMIF($I$7:$I$49,$C40,$J$7:$J$49) -> 0 | I40: 45994 | J40: 530000 | M40: 한화손해보험 | N40: 토스 | O40: 1 | P40: 80 | Q40: 6070 | R40: 45917 | S40: 약관 | T40: 7000 | U40: 46063 | V40: =P40*Q40 -> 485600
C41: 45841 | D41: =SUMIF($R$5:$R$269,$C41,$V$5:$V$269) -> 0 | E41: =SUMIF($U$5:$U$269,$C41,$V$5:$V$269) -> 1839000 | F41: =F40+D41-E41 -> 37362950 | G41: =G40-H41 -> 38160000 | H41: =SUMIF($I$7:$I$49,$C41,$J$7:$J$49) -> 90000 | I41: 46003 | J41: 680000 | M41: 비보존제약 | N41: 토스 | O41: 1 | P41: 70 | Q41: 7240 | R41: 45918 | V41: =P41*Q41 -> 506800
C42: 45842 | D42: =SUMIF($R$5:$R$269,$C42,$V$5:$V$269) -> 365400 | E42: =SUMIF($U$5:$U$269,$C42,$V$5:$V$269) -> 0 | F42: =F41+D42-E42 -> 37728350 | G42: =G41-H42 -> 38160000 | H42: =SUMIF($I$7:$I$49,$C42,$J$7:$J$49) -> 0 | I42: 46010 | J42: 1050491 | M42: 비보존제약 | N42: 토스 | O42: 1 | P42: 50 | Q42: 7140 | R42: 45919 | V42: =P42*Q42 -> 357000
C43: 45843 | D43: =SUMIF($R$5:$R$269,$C43,$V$5:$V$269) -> 0 | E43: =SUMIF($U$5:$U$269,$C43,$V$5:$V$269) -> 0 | F43: =F42+D43-E43 -> 37728350 | G43: =G42-H43 -> 38160000 | H43: =SUMIF($I$7:$I$49,$C43,$J$7:$J$49) -> 0 | I43: 46021 | J43: 800000 | M43: 비보존제약 | N43: 토스 | O43: 1 | P43: 50 | Q43: 7000 | R43: 45919 | V43: =P43*Q43 -> 350000
C44: 45844 | D44: =SUMIF($R$5:$R$269,$C44,$V$5:$V$269) -> 0 | E44: =SUMIF($U$5:$U$269,$C44,$V$5:$V$269) -> 0 | F44: =F43+D44-E44 -> 37728350 | G44: =G43-H44 -> 38160000 | H44: =SUMIF($I$7:$I$49,$C44,$J$7:$J$49) -> 0 | I44: 46058 | J44: 310000 | M44: 뉴프렉스 | N44: 토스 | O44: 1 | P44: 20 | Q44: 5480 | R44: 45922 | V44: =P44*Q44 -> 109600
C45: 45845 | D45: =SUMIF($R$5:$R$269,$C45,$V$5:$V$269) -> 0 | E45: =SUMIF($U$5:$U$269,$C45,$V$5:$V$269) -> 0 | F45: =F44+D45-E45 -> 37728350 | G45: =G44-H45 -> 38160000 | H45: =SUMIF($I$7:$I$49,$C45,$J$7:$J$49) -> 0 | I45: 46063 | J45: 630000 | M45: 비보존제약 | N45: 토스 | O45: 1 | P45: 30 | Q45: 6970 | R45: 45922 | V45: =P45*Q45 -> 209100
C46: 45846 | D46: =SUMIF($R$5:$R$269,$C46,$V$5:$V$269) -> 0 | E46: =SUMIF($U$5:$U$269,$C46,$V$5:$V$269) -> 0 | F46: =F45+D46-E46 -> 37728350 | G46: =G45-H46 -> 38160000 | H46: =SUMIF($I$7:$I$49,$C46,$J$7:$J$49) -> 0 | I46: 46063 | J46: 350000 | M46: 한화손해보험 | N46: 토스 | O46: 1 | P46: 60 | Q46: 5950 | R46: 45922 | S46: 약관 | T46: 7000 | U46: 46063 | V46: =P46*Q46 -> 357000
C47: 45847 | D47: =SUMIF($R$5:$R$269,$C47,$V$5:$V$269) -> 0 | E47: =SUMIF($U$5:$U$269,$C47,$V$5:$V$269) -> 3715500 | F47: =F46+D47-E47 -> 34012850 | G47: =G46-H47 -> 38160000 | H47: =SUMIF($I$7:$I$49,$C47,$J$7:$J$49) -> 0 | I47: 46067 | J47: 270000
C48: 45848 | D48: =SUMIF($R$5:$R$269,$C48,$V$5:$V$269) -> 5434000 | E48: =SUMIF($U$5:$U$269,$C48,$V$5:$V$269) -> 2835300 | F48: =F47+D48-E48 -> 36611550 | G48: =G47-H48 -> 37660000 | H48: =SUMIF($I$7:$I$49,$C48,$J$7:$J$49) -> 500000 | I48: 46076 | J48: 650000
C49: 45849 | D49: =SUMIF($R$5:$R$269,$C49,$V$5:$V$269) -> 841500 | E49: =SUMIF($U$5:$U$269,$C49,$V$5:$V$269) -> 0 | F49: =F48+D49-E49 -> 37453050 | G49: =G48-H49 -> 37660000 | H49: =SUMIF($I$7:$I$49,$C49,$J$7:$J$49) -> 0 | I49: 46085 | J49: 1800000 | M49: 뉴프렉스 | N49: 토스 | O49: 1 | P49: 50 | Q49: 5300 | R49: 45924 | V49: =P49*Q49 -> 265000
C50: 45850 | D50: =SUMIF($R$5:$R$269,$C50,$V$5:$V$269) -> 0 | E50: =SUMIF($U$5:$U$269,$C50,$V$5:$V$269) -> 0 | F50: =F49+D50-E50 -> 37453050 | G50: =G49-H50 -> 37660000 | H50: =SUMIF($I$7:$I$49,$C50,$J$7:$J$49) -> 0 | M50: 박셀바이오 | N50: 토스 | O50: 1 | P50: 10 | Q50: 9700 | R50: 45924 | V50: =P50*Q50 -> 97000
C51: 45851 | D51: =SUMIF($R$5:$R$269,$C51,$V$5:$V$269) -> 0 | E51: =SUMIF($U$5:$U$269,$C51,$V$5:$V$269) -> 0 | F51: =F50+D51-E51 -> 37453050 | G51: =G50-H51 -> 37660000 | H51: =SUMIF($I$7:$I$49,$C51,$J$7:$J$49) -> 0 | M51: 감성코퍼레이션 | N51: 토스 | O51: 1 | P51: 100 | Q51: 6400 | R51: 45924 | S51: 약관 | T51: 7250 | U51: 46063 | V51: =P51*Q51 -> 640000
C52: 45852 | D52: =SUMIF($R$5:$R$269,$C52,$V$5:$V$269) -> 0 | E52: =SUMIF($U$5:$U$269,$C52,$V$5:$V$269) -> 0 | F52: =F51+D52-E52 -> 37453050 | G52: =G51-H52 -> 37660000 | H52: =SUMIF($I$7:$I$49,$C52,$J$7:$J$49) -> 0 | M52: 한솔테크닉스 | N52: 토스 | O52: 1 | P52: 10 | Q52: 6800 | R52: 45929 | V52: =P52*Q52 -> 68000
C53: 45853 | D53: =SUMIF($R$5:$R$269,$C53,$V$5:$V$269) -> 0 | E53: =SUMIF($U$5:$U$269,$C53,$V$5:$V$269) -> 0 | F53: =F52+D53-E53 -> 37453050 | G53: =G52-H53 -> 37660000 | H53: =SUMIF($I$7:$I$49,$C53,$J$7:$J$49) -> 0 | M53: 한솔테크닉스 | N53: 토스 | O53: 1 | P53: 10 | Q53: 6300 | R53: 45929 | V53: =P53*Q53 -> 63000
C54: 45854 | D54: =SUMIF($R$5:$R$269,$C54,$V$5:$V$269) -> 0 | E54: =SUMIF($U$5:$U$269,$C54,$V$5:$V$269) -> 0 | F54: =F53+D54-E54 -> 37453050 | G54: =G53-H54 -> 37660000 | H54: =SUMIF($I$7:$I$49,$C54,$J$7:$J$49) -> 0 | M54: 감성코퍼레이션 | N54: 토스 | O54: 1 | P54: 50 | Q54: 5900 | R54: 45930 | V54: =P54*Q54 -> 295000
C55: 45855 | D55: =SUMIF($R$5:$R$269,$C55,$V$5:$V$269) -> 366000 | E55: =SUMIF($U$5:$U$269,$C55,$V$5:$V$269) -> 0 | F55: =F54+D55-E55 -> 37819050 | G55: =G54-H55 -> 37660000 | H55: =SUMIF($I$7:$I$49,$C55,$J$7:$J$49) -> 0 | M55: 신테카바이오 | N55: 토스 | O55: 1 | P55: 50 | Q55: 4110 | R55: 45930 | V55: =P55*Q55 -> 205500
C56: 45856 | D56: =SUMIF($R$5:$R$269,$C56,$V$5:$V$269) -> 0 | E56: =SUMIF($U$5:$U$269,$C56,$V$5:$V$269) -> 0 | F56: =F55+D56-E56 -> 37819050 | G56: =G55-H56 -> 37660000 | H56: =SUMIF($I$7:$I$49,$C56,$J$7:$J$49) -> 0 | M56: 한화손해보험 | N56: 토스 | O56: 1 | P56: 10 | Q56: 5600 | R56: 45930 | S56: 약관 | T56: 6600 | U56: 46057 | V56: =P56*Q56 -> 56000
C57: 45857 | D57: =SUMIF($R$5:$R$269,$C57,$V$5:$V$269) -> 0 | E57: =SUMIF($U$5:$U$269,$C57,$V$5:$V$269) -> 0 | F57: =F56+D57-E57 -> 37819050 | G57: =G56-H57 -> 37660000 | H57: =SUMIF($I$7:$I$49,$C57,$J$7:$J$49) -> 0 | M57: 한솔테크닉스 | N57: 토스 | O57: 1 | P57: 20 | Q57: 7050 | R57: 45930 | V57: =P57*Q57 -> 141000
C58: 45858 | D58: =SUMIF($R$5:$R$269,$C58,$V$5:$V$269) -> 0 | E58: =SUMIF($U$5:$U$269,$C58,$V$5:$V$269) -> 0 | F58: =F57+D58-E58 -> 37819050 | G58: =G57-H58 -> 37660000 | H58: =SUMIF($I$7:$I$49,$C58,$J$7:$J$49) -> 0 | M58: 한솔테크닉스 | N58: 토스 | O58: 1 | P58: 30 | Q58: 6700 | R58: 45930 | V58: =P58*Q58 -> 201000
C59: 45859 | D59: =SUMIF($R$5:$R$269,$C59,$V$5:$V$269) -> 240000 | E59: =SUMIF($U$5:$U$269,$C59,$V$5:$V$269) -> 0 | F59: =F58+D59-E59 -> 38059050 | G59: =G58-H59 -> 37660000 | H59: =SUMIF($I$7:$I$49,$C59,$J$7:$J$49) -> 0 | M59: 한솔테크닉스 | N59: 토스 | O59: 1 | P59: 100 | Q59: 6600 | R59: 45930 | V59: =P59*Q59 -> 660000
C60: 45860 | D60: =SUMIF($R$5:$R$269,$C60,$V$5:$V$269) -> 0 | E60: =SUMIF($U$5:$U$269,$C60,$V$5:$V$269) -> 0 | F60: =F59+D60-E60 -> 38059050 | G60: =G59-H60 -> 37660000 | H60: =SUMIF($I$7:$I$49,$C60,$J$7:$J$49) -> 0 | M60: 한솔테크닉스 | N60: 토스 | O60: 1 | P60: 30 | Q60: 6450 | R60: 45930 | V60: =P60*Q60 -> 193500
C61: 45861 | D61: =SUMIF($R$5:$R$269,$C61,$V$5:$V$269) -> 332150 | E61: =SUMIF($U$5:$U$269,$C61,$V$5:$V$269) -> 0 | F61: =F60+D61-E61 -> 38391200 | G61: =G60-H61 -> 37660000 | H61: =SUMIF($I$7:$I$49,$C61,$J$7:$J$49) -> 0 | M61: 한솔테크닉스 | N61: 토스 | O61: 1 | P61: 30 | Q61: 6600 | R61: 45931 | V61: =P61*Q61 -> 198000
C62: 45862 | D62: =SUMIF($R$5:$R$269,$C62,$V$5:$V$269) -> 0 | E62: =SUMIF($U$5:$U$269,$C62,$V$5:$V$269) -> 0 | F62: =F61+D62-E62 -> 38391200 | G62: =G61-H62 -> 37660000 | H62: =SUMIF($I$7:$I$49,$C62,$J$7:$J$49) -> 0 | M62: 한솔테크닉스 | N62: 토스 | O62: 1 | P62: 30 | Q62: 6500 | R62: 45932 | V62: =P62*Q62 -> 195000
C63: 45863 | D63: =SUMIF($R$5:$R$269,$C63,$V$5:$V$269) -> 0 | E63: =SUMIF($U$5:$U$269,$C63,$V$5:$V$269) -> 0 | F63: =F62+D63-E63 -> 38391200 | G63: =G62-H63 -> 37660000 | H63: =SUMIF($I$7:$I$49,$C63,$J$7:$J$49) -> 0 | M63: 감성코퍼레이션 | N63: 토스 | O63: 1 | P63: 35 | Q63: 5800 | R63: 45940 | V63: =P63*Q63 -> 203000
C64: 45864 | D64: =SUMIF($R$5:$R$269,$C64,$V$5:$V$269) -> 0 | E64: =SUMIF($U$5:$U$269,$C64,$V$5:$V$269) -> 0 | F64: =F63+D64-E64 -> 38391200 | G64: =G63-H64 -> 37660000 | H64: =SUMIF($I$7:$I$49,$C64,$J$7:$J$49) -> 0 | M64: 박셀바이오 | N64: 토스 | O64: 1 | P64: 8 | Q64: 9000 | R64: 45940 | V64: =P64*Q64 -> 72000
C65: 45865 | D65: =SUMIF($R$5:$R$269,$C65,$V$5:$V$269) -> 0 | E65: =SUMIF($U$5:$U$269,$C65,$V$5:$V$269) -> 0 | F65: =F64+D65-E65 -> 38391200 | G65: =G64-H65 -> 37660000 | H65: =SUMIF($I$7:$I$49,$C65,$J$7:$J$49) -> 0 | M65: 한화손해보험 | N65: 토스 | O65: 1 | P65: 20 | Q65: 5580 | R65: 45940 | S65: 약관 | T65: 6600 | U65: 46057 | V65: =P65*Q65 -> 111600
C66: 45866 | D66: =SUMIF($R$5:$R$269,$C66,$V$5:$V$269) -> 0 | E66: =SUMIF($U$5:$U$269,$C66,$V$5:$V$269) -> 0 | F66: =F65+D66-E66 -> 38391200 | G66: =G65-H66 -> 37660000 | H66: =SUMIF($I$7:$I$49,$C66,$J$7:$J$49) -> 0
C67: 45867 | D67: =SUMIF($R$5:$R$269,$C67,$V$5:$V$269) -> 0 | E67: =SUMIF($U$5:$U$269,$C67,$V$5:$V$269) -> 2567000 | F67: =F66+D67-E67 -> 35824200 | G67: =G66-H67 -> 37400000 | H67: =SUMIF($I$7:$I$49,$C67,$J$7:$J$49) -> 260000
C68: 45868 | D68: =SUMIF($R$5:$R$269,$C68,$V$5:$V$269) -> 0 | E68: =SUMIF($U$5:$U$269,$C68,$V$5:$V$269) -> 0 | F68: =F67+D68-E68 -> 35824200 | G68: =G67-H68 -> 37400000 | H68: =SUMIF($I$7:$I$49,$C68,$J$7:$J$49) -> 0
C69: 45869 | D69: =SUMIF($R$5:$R$269,$C69,$V$5:$V$269) -> 0 | E69: =SUMIF($U$5:$U$269,$C69,$V$5:$V$269) -> 0 | F69: =F68+D69-E69 -> 35824200 | G69: =G68-H69 -> 37400000 | H69: =SUMIF($I$7:$I$49,$C69,$J$7:$J$49) -> 0
C70: 45870 | D70: =SUMIF($R$5:$R$269,$C70,$V$5:$V$269) -> 0 | E70: =SUMIF($U$5:$U$269,$C70,$V$5:$V$269) -> 0 | F70: =F69+D70-E70 -> 35824200 | G70: =G69-H70 -> 37400000 | H70: =SUMIF($I$7:$I$49,$C70,$J$7:$J$49) -> 0
C71: 45871 | D71: =SUMIF($R$5:$R$269,$C71,$V$5:$V$269) -> 0 | E71: =SUMIF($U$5:$U$269,$C71,$V$5:$V$269) -> 0 | F71: =F70+D71-E71 -> 35824200 | G71: =G70-H71 -> 37400000 | H71: =SUMIF($I$7:$I$49,$C71,$J$7:$J$49) -> 0
C72: 45872 | D72: =SUMIF($R$5:$R$269,$C72,$V$5:$V$269) -> 0 | E72: =SUMIF($U$5:$U$269,$C72,$V$5:$V$269) -> 0 | F72: =F71+D72-E72 -> 35824200 | G72: =G71-H72 -> 37400000 | H72: =SUMIF($I$7:$I$49,$C72,$J$7:$J$49) -> 0
C73: 45873 | D73: =SUMIF($R$5:$R$269,$C73,$V$5:$V$269) -> 0 | E73: =SUMIF($U$5:$U$269,$C73,$V$5:$V$269) -> 0 | F73: =F72+D73-E73 -> 35824200 | G73: =G72-H73 -> 37400000 | H73: =SUMIF($I$7:$I$49,$C73,$J$7:$J$49) -> 0
C74: 45874 | D74: =SUMIF($R$5:$R$269,$C74,$V$5:$V$269) -> 0 | E74: =SUMIF($U$5:$U$269,$C74,$V$5:$V$269) -> 0 | F74: =F73+D74-E74 -> 35824200 | G74: =G73-H74 -> 37400000 | H74: =SUMIF($I$7:$I$49,$C74,$J$7:$J$49) -> 0
C75: 45875 | D75: =SUMIF($R$5:$R$269,$C75,$V$5:$V$269) -> 0 | E75: =SUMIF($U$5:$U$269,$C75,$V$5:$V$269) -> 0 | F75: =F74+D75-E75 -> 35824200 | G75: =G74-H75 -> 37400000 | H75: =SUMIF($I$7:$I$49,$C75,$J$7:$J$49) -> 0
C76: 45876 | D76: =SUMIF($R$5:$R$269,$C76,$V$5:$V$269) -> 0 | E76: =SUMIF($U$5:$U$269,$C76,$V$5:$V$269) -> 0 | F76: =F75+D76-E76 -> 35824200 | G76: =G75-H76 -> 37400000 | H76: =SUMIF($I$7:$I$49,$C76,$J$7:$J$49) -> 0
C77: 45877 | D77: =SUMIF($R$5:$R$269,$C77,$V$5:$V$269) -> 0 | E77: =SUMIF($U$5:$U$269,$C77,$V$5:$V$269) -> 0 | F77: =F76+D77-E77 -> 35824200 | G77: =G76-H77 -> 37400000 | H77: =SUMIF($I$7:$I$49,$C77,$J$7:$J$49) -> 0
... C99: 45899 | D99: =SUMIF($R$5:$R$269,$C99,$V$5:$V$269) -> 0 | E99: =SUMIF($U$5:$U$269,$C99,$V$5:$V$269) -> 0 | F99: =F98+D99-E99 -> 37411100 | G99: =G98-H99 -> 37400000 | H99: =SUMIF($I$7:$I$49,$C99,$J$7:$J$49) -> 0
C100: 45900 | D100: =SUMIF($R$5:$R$269,$C100,$V$5:$V$269) -> 0 | E100: =SUMIF($U$5:$U$269,$C100,$V$5:$V$269) -> 0 | F100: =F99+D100-E100 -> 37411100 | G100: =G99-H100 -> 37400000 | H100: =SUMIF($I$7:$I$49,$C100,$J$7:$J$49) -> 0 | M100: 감성코퍼레이션 | N100: 토스 | O100: 1 | P100: 100 | Q100: 5330 | R100: 45807 | S100: 약관 | T100: 6200 | U100: 45834 | V100: =P100*Q100 -> 533000
C101: 45901 | D101: =SUMIF($R$5:$R$269,$C101,$V$5:$V$269) -> 0 | E101: =SUMIF($U$5:$U$269,$C101,$V$5:$V$269) -> 0 | F101: =F100+D101-E101 -> 37411100 | G101: =G100-H101 -> 37400000 | H101: =SUMIF($I$7:$I$49,$C101,$J$7:$J$49) -> 0 | M101: 감성코퍼레이션 | N101: 토스 | O101: 1 | P101: 100 | Q101: 5290 | R101: 45807 | S101: 약관 | T101: 6200 | U101: 45834 | V101: =P101*Q101 -> 529000
C102: 45902 | D102: =SUMIF($R$5:$R$269,$C102,$V$5:$V$269) -> 0 | E102: =SUMIF($U$5:$U$269,$C102,$V$5:$V$269) -> 0 | F102: =F101+D102-E102 -> 37411100 | G102: =G101-H102 -> 37400000 | H102: =SUMIF($I$7:$I$49,$C102,$J$7:$J$49) -> 0 | M102: 감성코퍼레이션 | N102: 토스 | O102: 1 | P102: 100 | Q102: 5250 | R102: 45807 | S102: 약관 | T102: 6200 | U102: 45834 | V102: =P102*Q102 -> 525000
C103: 45903 | D103: =SUMIF($R$5:$R$269,$C103,$V$5:$V$269) -> 0 | E103: =SUMIF($U$5:$U$269,$C103,$V$5:$V$269) -> 0 | F103: =F102+D103-E103 -> 37411100 | G103: =G102-H103 -> 37400000 | H103: =SUMIF($I$7:$I$49,$C103,$J$7:$J$49) -> 0 | M103: 감성코퍼레이션 | N103: 토스 | O103: 1 | P103: 100 | Q103: 5060 | R103: 45807 | S103: 약관 | T103: 6200 | U103: 45834 | V103: =P103*Q103 -> 506000
C104: 45904 | D104: =SUMIF($R$5:$R$269,$C104,$V$5:$V$269) -> 0 | E104: =SUMIF($U$5:$U$269,$C104,$V$5:$V$269) -> 0 | F104: =F103+D104-E104 -> 37411100 | G104: =G103-H104 -> 37400000 | H104: =SUMIF($I$7:$I$49,$C104,$J$7:$J$49) -> 0 | M104: 감성코퍼레이션 | N104: 토스 | O104: 1 | P104: 100 | Q104: 5180 | R104: 45807 | S104: 약관 | T104: 6200 | U104: 45834 | V104: =P104*Q104 -> 518000
C105: 45905 | D105: =SUMIF($R$5:$R$269,$C105,$V$5:$V$269) -> 0 | E105: =SUMIF($U$5:$U$269,$C105,$V$5:$V$269) -> 0 | F105: =F104+D105-E105 -> 37411100 | G105: =G104-H105 -> 37400000 | H105: =SUMIF($I$7:$I$49,$C105,$J$7:$J$49) -> 0 | M105: 감성코퍼레이션 | N105: 토스 | O105: 1 | P105: 200 | Q105: 5120 | R105: 45807 | S105: 약관 | T105: 6510 | U105: 45838 | V105: =P105*Q105 -> 1024000
C106: 45906 | D106: =SUMIF($R$5:$R$269,$C106,$V$5:$V$269) -> 0 | E106: =SUMIF($U$5:$U$269,$C106,$V$5:$V$269) -> 0 | F106: =F105+D106-E106 -> 37411100 | G106: =G105-H106 -> 37400000 | H106: =SUMIF($I$7:$I$49,$C106,$J$7:$J$49) -> 0 | M106: 신테카바이오 | N106: 토스 | O106: 1 | P106: 10 | Q106: 7370 | R106: 45807 | S106: 약관 | T106: 7770 | U106: 45813 | V106: =P106*Q106 -> 73700
C107: 45907 | D107: =SUMIF($R$5:$R$269,$C107,$V$5:$V$269) -> 0 | E107: =SUMIF($U$5:$U$269,$C107,$V$5:$V$269) -> 0 | F107: =F106+D107-E107 -> 37411100 | G107: =G106-H107 -> 37400000 | H107: =SUMIF($I$7:$I$49,$C107,$J$7:$J$49) -> 0 | M107: 신테카바이오 | N107: 토스 | O107: 1 | P107: 10 | Q107: 7360 | R107: 45807 | S107: 약관 | T107: 7770 | U107: 45813 | V107: =P107*Q107 -> 73600
C108: 45908 | D108: =SUMIF($R$5:$R$269,$C108,$V$5:$V$269) -> 0 | E108: =SUMIF($U$5:$U$269,$C108,$V$5:$V$269) -> 0 | F108: =F107+D108-E108 -> 37411100 | G108: =G107-H108 -> 37400000 | H108: =SUMIF($I$7:$I$49,$C108,$J$7:$J$49) -> 0 | M108: 신테카바이오 | N108: 토스 | O108: 1 | P108: 50 | Q108: 7400 | R108: 45807 | S108: 약관 | T108: 7770 | U108: 45813 | V108: =P108*Q108 -> 370000
C109: 45909 | D109: =SUMIF($R$5:$R$269,$C109,$V$5:$V$269) -> 0 | E109: =SUMIF($U$5:$U$269,$C109,$V$5:$V$269) -> 0 | F109: =F108+D109-E109 -> 37411100 | G109: =G108-H109 -> 37400000 | H109: =SUMIF($I$7:$I$49,$C109,$J$7:$J$49) -> 0 | M109: 신테카바이오 | N109: 토스 | O109: 1 | P109: 200 | Q109: 7350 | R109: 45807 | S109: 약관 | T109: 7770 | U109: 45813 | V109: =P109*Q109 -> 1470000
C110: 45910 | D110: =SUMIF($R$5:$R$269,$C110,$V$5:$V$269) -> 0 | E110: =SUMIF($U$5:$U$269,$C110,$V$5:$V$269) -> 403800 | F110: =F109+D110-E110 -> 37007300 | G110: =G109-H110 -> 37400000 | H110: =SUMIF($I$7:$I$49,$C110,$J$7:$J$49) -> 0 | M110: 지아이이노베이션 | N110: 토스 | O110: 1 | P110: 100 | Q110: 18000 | R110: 45807 | S110: 약관 | T110: 19450 | U110: 45810 | V110: =P110*Q110 -> 1800000
C111: 45911 | D111: =SUMIF($R$5:$R$269,$C111,$V$5:$V$269) -> 0 | E111: =SUMIF($U$5:$U$269,$C111,$V$5:$V$269) -> 0 | F111: =F110+D111-E111 -> 37007300 | G111: =G110-H111 -> 37400000 | H111: =SUMIF($I$7:$I$49,$C111,$J$7:$J$49) -> 0 | M111: 지아이이노베이션 | N111: 토스 | O111: 1 | P111: 100 | Q111: 17900 | R111: 45807 | S111: 약관 | T111: 19450 | U111: 45810 | V111: =P111*Q111 -> 1790000
... C211: 46011 | D211: =SUMIF($R$5:$R$269,$C211,$V$5:$V$269) -> 0 | E211: =SUMIF($U$5:$U$269,$C211,$V$5:$V$269) -> 0 | F211: =F210+D211-E211 -> 26515950 | G211: =G210-H211 -> 26620000 | H211: =SUMIF($I$7:$I$49,$C211,$J$7:$J$49) -> 0 | M211: LG전자 | N211: 토스 | O211: 1 | P211: 10 | Q211: 76500 | R211: 45833 | S211: 약관 | T211: 78000 | U211: 45841 | V211: =P211*Q211 -> 765000
C212: 46012 | D212: =SUMIF($R$5:$R$269,$C212,$V$5:$V$269) -> 0 | E212: =SUMIF($U$5:$U$269,$C212,$V$5:$V$269) -> 0 | F212: =F211+D212-E212 -> 26515950 | G212: =G211-H212 -> 26620000 | H212: =SUMIF($I$7:$I$49,$C212,$J$7:$J$49) -> 0
C213: 46013 | D213: =SUMIF($R$5:$R$269,$C213,$V$5:$V$269) -> 0 | E213: =SUMIF($U$5:$U$269,$C213,$V$5:$V$269) -> 0 | F213: =F212+D213-E213 -> 26515950 | G213: =G212-H213 -> 26620000 | H213: =SUMIF($I$7:$I$49,$C213,$J$7:$J$49) -> 0 | M213: 한화에어로스페이스 | N213: 토스 | O213: 1 | P213: 2 | Q213: 860000 | R213: 45833 | S213: 약관 | T213: 957000 | U213: 45867 | V213: =P213*Q213 -> 1720000
C214: 46014 | D214: =SUMIF($R$5:$R$269,$C214,$V$5:$V$269) -> 0 | E214: =SUMIF($U$5:$U$269,$C214,$V$5:$V$269) -> 0 | F214: =F213+D214-E214 -> 26515950 | G214: =G213-H214 -> 26620000 | H214: =SUMIF($I$7:$I$49,$C214,$J$7:$J$49) -> 0
C215: 46015 | D215: =SUMIF($R$5:$R$269,$C215,$V$5:$V$269) -> 0 | E215: =SUMIF($U$5:$U$269,$C215,$V$5:$V$269) -> 0 | F215: =F214+D215-E215 -> 26515950 | G215: =G214-H215 -> 26620000 | H215: =SUMIF($I$7:$I$49,$C215,$J$7:$J$49) -> 0 | M215: 감성코퍼레이션 | N215: 토스 | O215: 1 | P215: 50 | Q215: 6150 | R215: 45835 | S215: 약관 | T215: 6510 | U215: 45838 | V215: =P215*Q215 -> 307500
C216: 46016 | D216: =SUMIF($R$5:$R$269,$C216,$V$5:$V$269) -> 0 | E216: =SUMIF($U$5:$U$269,$C216,$V$5:$V$269) -> 0 | F216: =F215+D216-E216 -> 26515950 | G216: =G215-H216 -> 26620000 | H216: =SUMIF($I$7:$I$49,$C216,$J$7:$J$49) -> 0 | M216: 감성코퍼레이션 | N216: 토스 | O216: 1 | P216: 100 | Q216: 6430 | R216: 45838 | S216: 약관 | T216: 6800 | U216: 45919 | V216: =P216*Q216 -> 643000
C217: 46017 | D217: =SUMIF($R$5:$R$269,$C217,$V$5:$V$269) -> 0 | E217: =SUMIF($U$5:$U$269,$C217,$V$5:$V$269) -> 0 | F217: =F216+D217-E217 -> 26515950 | G217: =G216-H217 -> 26620000 | H217: =SUMIF($I$7:$I$49,$C217,$J$7:$J$49) -> 0 | M217: 감성코퍼레이션 | N217: 토스 | O217: 1 | P217: 100 | Q217: 6400 | R217: 45838 | S217: 약관 | T217: 6800 | U217: 45919 | V217: =P217*Q217 -> 640000
C218: 46018 | D218: =SUMIF($R$5:$R$269,$C218,$V$5:$V$269) -> 0 | E218: =SUMIF($U$5:$U$269,$C218,$V$5:$V$269) -> 0 | F218: =F217+D218-E218 -> 26515950 | G218: =G217-H218 -> 26620000 | H218: =SUMIF($I$7:$I$49,$C218,$J$7:$J$49) -> 0 | M218: 감성코퍼레이션 | N218: 토스 | O218: 1 | P218: 100 | Q218: 6300 | R218: 45838 | S218: 약관 | T218: 6800 | U218: 45919 | V218: =P218*Q218 -> 630000
C219: 46019 | D219: =SUMIF($R$5:$R$269,$C219,$V$5:$V$269) -> 0 | E219: =SUMIF($U$5:$U$269,$C219,$V$5:$V$269) -> 0 | F219: =F218+D219-E219 -> 26515950 | G219: =G218-H219 -> 26620000 | H219: =SUMIF($I$7:$I$49,$C219,$J$7:$J$49) -> 0 | M219: 감성코퍼레이션 | N219: 토스 | O219: 1 | P219: 100 | Q219: 6350 | R219: 45838 | S219: 약관 | T219: 6800 | U219: 45919 | V219: =P219*Q219 -> 635000
C220: 46020 | D220: =SUMIF($R$5:$R$269,$C220,$V$5:$V$269) -> 0 | E220: =SUMIF($U$5:$U$269,$C220,$V$5:$V$269) -> 0 | F220: =F219+D220-E220 -> 26515950 | G220: =G219-H220 -> 26620000 | H220: =SUMIF($I$7:$I$49,$C220,$J$7:$J$49) -> 0 | M220: 감성코퍼레이션 | N220: 토스 | O220: 1 | P220: 100 | Q220: 6350 | R220: 45839 | S220: 약관 | T220: 6800 | U220: 45919 | V220: =P220*Q220 -> 635000
C221: 46021 | D221: =SUMIF($R$5:$R$269,$C221,$V$5:$V$269) -> 0 | E221: =SUMIF($U$5:$U$269,$C221,$V$5:$V$269) -> 0 | F221: =F220+D221-E221 -> 26515950 | G221: =G220-H221 -> 25820000 | H221: =SUMIF($I$7:$I$49,$C221,$J$7:$J$49) -> 800000 | M221: 감성코퍼레이션 | N221: 토스 | O221: 1 | P221: 50 | Q221: 6280 | R221: 45839 | S221: 약관 | T221: 6800 | U221: 45919 | V221: =P221*Q221 -> 314000
C222: 46022 | D222: =SUMIF($R$5:$R$269,$C222,$V$5:$V$269) -> 0 | E222: =SUMIF($U$5:$U$269,$C222,$V$5:$V$269) -> 0 | F222: =F221+D222-E222 -> 26515950 | G222: =G221-H222 -> 25820000 | H222: =SUMIF($I$7:$I$49,$C222,$J$7:$J$49) -> 0 | M222: 감성코퍼레이션 | N222: 토스 | O222: 1 | P222: 50 | Q222: 6250 | R222: 45839 | S222: 약관 | T222: 6800 | U222: 45919 | V222: =P222*Q222 -> 312500
C223: 46023 | D223: =SUMIF($R$5:$R$269,$C223,$V$5:$V$269) -> 0 | E223: =SUMIF($U$5:$U$269,$C223,$V$5:$V$269) -> 0 | F223: =F222+D223-E223 -> 26515950 | G223: =G222-H223 -> 25820000 | H223: =SUMIF($I$7:$I$49,$C223,$J$7:$J$49) -> 0 | M223: 두산에너빌리티 | N223: 토스 | O223: 1 | P223: 7 | Q223: 66600 | R223: 45839 | S223: 약관 | T223: 68000 | U223: 45940 | V223: =P223*Q223 -> 466200
...

Sheet 매도완료
K1: 수수료 0.015%(미래) 0.15%(한화) | M1: 매매세 매도금액*0.3%(`19/6월부터 0.25%)
B2: 종목 | C2: 거래유형 | D2: 적용 환율 | E2: 수량 | F2: 매수금액 | G2: 매수일자 | H2: 비고 | I2: 매도금액 | J2: 매도일자 | K2: 매수 수수료 | L2: 매도 수수료 | M2: 매매세 | N2: 배당금 | O2: 보유일수 | P2: 매수액 | Q2: 매도액 | R2: 기타 | S2: 손익 | T2: 손익률 | U2: 연간손익률 | V2: 비고
B3: ACE레버리지 | C3: 신한 | D3: =IF(OR($C3="신한",$C3="OTC",$C3="무상증자(신한)",$C3="토스",$C3="R토스"),1,"확인") -> 1 | E3: 100 | F3: 13360 | G3: 45944 | I3: 26500 | J3: 46041 | K3: =IF($C3="OTC",ROUNDDOWN($E3*$F3*0.000909187,-1),(IF($C3="신한",ROUNDDOWN($E3*$F3*0.000036396,-1),(IF($C3="토스",$E3*$F3*0.00015,(IF($C3="US",(IF($E3*$F3*0.0025>0.01,$E3*$F3*0.0025,0.01)),IF($C3="JP",(IF($E3*$F3*0.0025>1000,$E3*$F3*0.0025,1000)),(IF($C3="R토스",0,IF($C3="무상증자(신한)",0,""))))))))))) -> 40 | L3: =IF($C3="OTC",ROUNDDOWN($I3*$E3*0.000909187,-1),(IF($C3="신한",ROUNDDOWN($I3*$E3*0.000036396,-1),(IF($C3="토스",$I3*$E3*0.00015,(IF($C3="US",(IF($I3*$E3*0.0025>0.01,$I3*$E3*0.0025,0.01)),(IF($C3="JP",(IF($I3*$E3*0.0025>1000,$I3*$E3*0.0025,1000)),(IF($C3="R토스",$I3*$E3*0.00015,(IF($C3="무상증자(신한)",ROUNDDOWN($I3*$E3*0.000036396,-1),""))))))))))))) -> 90 | M3: =Q3*0.002 -> 5300 | N3: =236*E3 -> 23600 | P3: =$E3*$F3*$D3 -> 1336000 | Q3: =$E3*$I3*$D3 -> 2650000 | R3: =($N3-$K3-$L3-$M3)*$D3 -> 18170 | S3: =IF(Q3=0,0,Q3-P3+R3) -> 1332170 | T3: =S3/P3 -> 0.99713323
B4: ARCHER AVIATION | C4: 한화 | D4: 1102.9 | E4: 100 | F4: 12.2 | G4: 44252 | I4: 11 | J4: 45933 | K4: =E4*F4*0.001 -> 1.22 | L4: =ROUNDDOWN(E4*I4*0.001, 2) -> 1.1 | M4: =ROUNDUP((E4*I4*0.0000221),2) -> 0.03 | O4: =IF(J4="","",J4-G4+1) -> 1682 | P4: =$E4*$F4*$D4 -> 1345538 | Q4: =$E4*$I4*$D4 -> 1213190 | R4: =($N4-$K4-$L4-$M4)*$D4 -> -2591.815 | S4: =IF(Q4=0,"",Q4-P4+R4) -> -134939.82 | T4: =IF(Q4=0,"",S4/P4) -> -0.10028689
B5: ARCHER AVIATION | C5: 한화 | D5: 1102.9 | E5: 8 | F5: 6.4 | G5: 44505 | I5: 11 | J5: 45933 | K5: =E5*F5*0.001 -> 0.0512 | L5: =ROUNDDOWN(E5*I5*0.001, 2) -> 0.08 | M5: =ROUNDUP((E5*I5*0.0000221),2) -> 0.01 | O5: =IF(J5="","",J5-G5+1) -> 1429 | P5: =$E5*$F5*$D5 -> 56468.48 | Q5: =$E5*$I5*$D5 -> 97055.2 | R5: =($N5-$K5-$L5-$M5)*$D5 -> -155.72948 | S5: =IF(Q5=0,"",Q5-P5+R5) -> 40430.991 | T5: =IF(Q5=0,"",S5/P5) -> 0.71599219
B6: AT&T | C6: 한화 | D6: 1231.3 | E6: 30 | F6: 29.8 | G6: 43942 | I6: 31.3 | J6: 44174 | K6: =ROUNDDOWN(E6*F6*0.001, 2) -> 0.89 | L6: =ROUNDDOWN(E6*I6*0.001, 2) -> 0.93 | M6: =ROUNDUP((E6*I6*0.0000221),2) -> 0.03 | N6: =(15.6-2.34)+(15.6-2.34) -> 26.52 | O6: =IF(J6="","",J6-G6+1) -> 233 | P6: =$E6*$F6*$D6 -> 1100782.2 | Q6: =$E6*$I6*$D6 -> 1156190.7 | R6: =($N6-$K6-$L6-$M6)*$D6 -> 30376.171 | S6: =IF(Q6=0,"",Q6-P6+R6) -> 85784.671 | T6: =IF(Q6=0,"",S6/P6) -> 0.077930649 | V6: =K6/(E6*F6) -> 0.00099552573
B7: Cassava Science | C7: 한화 | D7: 1102.9 | E7: 13 | F7: 95 | G7: 44230 | I7: 3.7 | J7: 45933 | K7: =E7*F7*0.001 -> 1.235 | L7: =ROUNDDOWN(E7*I7*0.001, 2) -> 0.04 | M7: =ROUNDUP((E7*I7*0.0000221),2) -> 0.01 | O7: =IF(J7="","",J7-G7+1) -> 1704 | P7: =$E7*$F7*$D7 -> 1362081.5 | Q7: =$E7*$I7*$D7 -> 53049.49 | R7: =($N7-$K7-$L7-$M7)*$D7 -> -1417.2265 | S7: =IF(Q7=0,"",Q7-P7+R7) -> -1310449.2 | T7: =IF(Q7=0,"",S7/P7) -> -0.96209312 | X7: =E7*I7*0.0000221 -> 0.00106301 | Y7: =ROUNDUP(E7*I7*0.000021,2) -> 0.01
B8: Coupang | C8: R토스 | X8: =E8*I8*0.0000221 -> 0 | Y8: =ROUNDUP(E8*I8*0.000021,2) -> 0
B9: Discovery-A | C9: US | D9: 1129.2 | E9: 80 | F9: 42.37 | G9: 44291 | I9: 24.6 | J9: 44508 | K9: =IF($C9="OTC",ROUNDDOWN($E9*$F9*0.000909187,-1),(IF($C9="신한",ROUNDDOWN($E9*$F9*0.000036396,-1),(IF($C9="토스",$E9*$F9*0.00015,(IF($C9="US",(IF($E9*$F9*0.0025>0.01,$E9*$F9*0.0025,0.01)),IF($C9="JP",(IF($E9*$F9*0.0025>1000,$E9*$F9*0.0025,1000)),(IF($C9="R토스",0,IF($C9="무상증자(신한)",0,""))))))))))) -> 8.474 | L9: =IF($C9="OTC",ROUNDDOWN($I9*$E9*0.000909187,-1),(IF($C9="신한",ROUNDDOWN($I9*$E9*0.000036396,-1),(IF($C9="토스",$I9*$E9*0.00015,(IF($C9="US",(IF($I9*$E9*0.0025>0.01,$I9*$E9*0.0025,0.01)),(IF($C9="JP",(IF($I9*$E9*0.0025>1000,$I9*$E9*0.0025,1000)),(IF($C9="R토스",$I9*$E9*0.00015,(IF($C9="무상증자(신한)",ROUNDDOWN($I9*$E9*0.000036396,-1),""))))))))))))) -> 4.92 | M9: =E9*I9*0.0000051 -> 0.0100368 | O9: =J9-G9+1 -> 218 | P9: =$E9*$F9*$D9 -> 3827536.3 | Q9: =$E9*$I9*$D9 -> 2222265.6 | R9: =($N9-$K9-$L9-$M9)*$D9 -> -15135.838 | S9: =IF(Q9=0,0,Q9-P9+R9) -> -1620406.6 | T9: =S9/P9 -> -0.42335498 | X9: =E9*I9*0.0000221 -> 0.0434928 | Y9: =ROUNDUP(E9*I9*0.000021,2) -> 0.05
B10: Intellia Therapeautics | C10: US | D10: 1196.2 | E10: 10 | F10: 135.69 | G10: 44505 | I10: 18.8 | J10: 45931 | K10: =IF($C10="OTC",ROUNDDOWN($E10*$F10*0.000909187,-1),(IF($C10="신한",ROUNDDOWN($E10*$F10*0.000036396,-1),(IF($C10="토스",$E10*$F10*0.00015,(IF($C10="US",(IF($E10*$F10*0.0025>0.01,$E10*$F10*0.0025,0.01)),IF($C10="JP",(IF($E10*$F10*0.0025>1000,$E10*$F10*0.0025,1000)),(IF($C10="R토스",0,IF($C10="무상증자(신한)",0,""))))))))))) -> 3.39225 | L10: =IF($C10="OTC",ROUNDDOWN($I10*$E10*0.000909187,-1),(IF($C10="신한",ROUNDDOWN($I10*$E10*0.000036396,-1),(IF($C10="토스",$I10*$E10*0.00015,(IF($C10="US",(IF($I10*$E10*0.0025>0.01,$I10*$E10*0.0025,0.01)),(IF($C10="JP",(IF($I10*$E10*0.0025>1000,$I10*$E10*0.0025,1000)),(IF($C10="R토스",$I10*$E10*0.00015,(IF($C10="무상증자(신한)",ROUNDDOWN($I10*$E10*0.000036396,-1),""))))))))))))) -> 0.47 | M10: =E10*I10*0.0000051 -> 0.0009588 | O10: =J10-G10+1 -> 1427 | P10: =$E10*$F10*$D10 -> 1623123.8 | Q10: =$E10*$I10*$D10 -> 224885.6 | R10: =($N10-$K10-$L10-$M10)*$D10 -> -4621.1704 | S10: =IF(Q10=0,0,Q10-P10+R10) -> -1402859.4 | T10: =S10/P10 -> -0.86429598 | X10: =E10*I10*0.0000221 -> 0.0041548 | Y10: =ROUNDUP(X10,2) -> 0.01
B11: LUCKIN COFFEE INC | C11: 한화 | D11: 1182.6 | E11: 40 | F11: 30.65 | G11: 43818 | I11: 35.23 | J11: 43826 | K11: =ROUNDDOWN(E11*F11*0.001, 2) -> 1.22 | L11: =ROUNDDOWN(E11*I11*0.001, 2) -> 1.4 | M11: =ROUNDUP((E11*I11*0.0000221),2) -> 0.04 | O11: =IF(J11="","",J11-G11+1) -> 9 | P11: =$E11*$F11*$D11 -> 1449867.6 | Q11: =$E11*$I11*$D11 -> 1666519.9 | R11: =($N11-$K11-$L11-$M11)*$D11 -> -3145.716 | S11: =IF(Q11=0,"",Q11-P11+R11) -> 213506.6 | T11: =IF(Q11=0,"",S11/P11) -> 0.14725938 | V11: =K11/(E11*F11) -> 0.00099510604 | AH11: 거래 유형
B12: LUCKIN COFFEE INC | C12: 한화 | D12: 1230.9 | E12: 50 | F12: 30.2 | G12: 43920 | I12: 0 | J12: 44013 | K12: =ROUNDDOWN(E12*F12*0.001, 2) -> 1.51 | L12: =ROUNDDOWN(E12*I12*0.001, 2) -> 0 | M12: =ROUNDUP((E12*I12*0.0000221),2) -> 0 | O12: =IF(J12="","",J12-G12+1) -> 94 | P12: =$E12*$F12*$D12 -> 1858659 | Q12: =$E12*$I12*$D12 -> 0 | R12: =($N12-$K12-$L12-$M12)*$D12 -> -1858.659 | S12: =Q12-P12+R12 -> -1860517.7 | T12: =S12/P12 -> -1.001 | V12: =K12/(E12*F12) -> 0.001
B13: ㄴ장외종목변경 | C13: LKNCY.OT | E13: 50 | F13: 0 | G13: 44013 | K13: 1 | L13: =ROUNDDOWN(E13*I13*0.001, 2) -> 0 | M13: =ROUNDUP((E13*I13*0.0000221),2) -> 0 | N13: =-1-1-1-1-1-1.01 -> -6.01 | O13: =IF(J13="","",J13-G13+1) | P13: =$E13*$F13*$D13 -> 0 | Q13: =$E13*$I13*$D13 -> 0 | R13: =($N13-$K13-$L13-$M13)*$D13 -> 0 | S13: =IF(Q13=0,"",Q13-P13+R13) | T13: =IF(Q13=0,"",S13/P13) | V13: =K13/(E13*F13) -> #DIV/0!
B14: 룰루레몬 애슬릿티카 | C14: 한화 | D14: 1182.6 | E14: 5 | F14: 223.4 | G14: 43817 | I14: 315.2 | J14: 44029 | K14: =ROUNDDOWN(E14*F14*0.001, 2) -> 1.11 | L14: =ROUNDDOWN(E14*I14*0.001, 2) -> 1.57 | M14: =ROUNDUP((E14*I14*0.0000221),2) -> 0.04 | O14: =IF(J14="","",J14-G14+1) -> 213 | P14: =$E14*$F14*$D14 -> 1320964.2 | Q14: =$E14*$I14*$D14 -> 1863777.6 | R14: =($N14-$K14-$L14-$M14)*$D14 -> -3216.672 | S14: =IF(Q14=0,"",Q14-P14+R14) -> 539596.73 | T14: =IF(Q14=0,"",S14/P14) -> 0.40848702 | V14: =K14/(E14*F14) -> 0.00099373321
B15: 넥슨(JP:3659) | C15: JP | D15: 11.3571 | E15: 200 | F15: 2800 | G15: 44046 | I15: 2952 | J15: 44131 | K15: 0 | L15: =IF($C15="OTC",ROUNDDOWN($I15*$E15*0.000909187,-1),(IF($C15="신한",ROUNDDOWN($I15*$E15*0.000036396,-1),(IF($C15="토스",$I15*$E15*0.00015,(IF($C15="US",(IF($I15*$E15*0.0025>0.01,$I15*$E15*0.0025,0.01)),(IF($C15="JP",(IF($I15*$E15*0.0025>1000,$I15*$E15*0.0025,1000)),(IF($C15="R토스",$I15*$E15*0.00015,(IF($C15="무상증자(신한)",ROUNDDOWN($I15*$E15*0.000036396,-1),""))))))))))))) -> 1476 | O15: =J15-G15+1 -> 86 | P15: =$E15*$F15*$D15 -> 6359976 | Q15: =$E15*$I15*$D15 -> 6705231.8 | R15: =($N15-$K15-$L15-$M15)*$D15 -> -16763.08 | S15: =IF(Q15=0,0,Q15-P15+R15) -> 328492.76 | T15: =S15/P15 -> 0.05165
B16: 넥슨(JP:3659) | C16: JP | D16: 11.3571 | E16: 100 | F16: 2800 | G16: 44046 | I16: 2952 | J16: 44131 | K16: =IF($C16="OTC",ROUNDDOWN($E16*$F16*0.000909187,-1),(IF($C16="신한",ROUNDDOWN($E16*$F16*0.000036396,-1),(IF($C16="토스",$E16*$F16*0.00015,(IF($C16="US",(IF($E16*$F16*0.0025>0.01,$E16*$F16*0.0025,0.01)),IF($C16="JP",(IF($E16*$F16*0.0025>1000,$E16*$F16*0.0025,1000)),(IF($C16="R토스",0,IF($C16="무상증자(신한)",0,""))))))))))) -> 1000 | L16: =(E16+E15)*I16*0.0025-L15 -> 738 | O16: =J16-G16+1 -> 86 | P16: =$E16*$F16*$D16 -> 3179988 | Q16: =$E16*$I16*$D16 -> 3352615.9 | R16: =($N16-$K16-$L16-$M16)*$D16 -> -19738.64 | S16: =IF(Q16=0,0,Q16-P16+R16) -> 152889.28 | T16: =S16/P16 -> 0.048078571
B17: 넥슨(JP:3659) | C17: JP | D17: 11.3571 | E17: 100 | F17: 2540 | G17: 44148 | I17: 3200 | J17: 44166 | K17: =IF($C17="OTC",ROUNDDOWN($E17*$F17*0.000909187,-1),(IF($C17="신한",ROUNDDOWN($E17*$F17*0.000036396,-1),(IF($C17="토스",$E17*$F17*0.00015,(IF($C17="US",(IF($E17*$F17*0.0025>0.01,$E17*$F17*0.0025,0.01)),IF($C17="JP",(IF($E17*$F17*0.0025>1000,$E17*$F17*0.0025,1000)),(IF($C17="R토스",0,IF($C17="무상증자(신한)",0,""))))))))))) -> 1000 | L17: =IF($C17="OTC",ROUNDDOWN($I17*$E17*0.000909187,-1),(IF($C17="신한",ROUNDDOWN($I17*$E17*0.000036396,-1),(IF($C17="토스",$I17*$E17*0.00015,(IF($C17="US",(IF($I17*$E17*0.0025>0.01,$I17*$E17*0.0025,0.01)),(IF($C17="JP",(IF($I17*$E17*0.0025>1000,$I17*$E17*0.0025,1000)),(IF($C17="R토스",$I17*$E17*0.00015,(IF($C17="무상증자(신한)",ROUNDDOWN($I17*$E17*0.000036396,-1),""))))))))))))) -> 1000 | O17: =J17-G17+1 -> 19 | P17: =$E17*$F17*$D17 -> 2884703.4 | Q17: =$E17*$I17*$D17 -> 3634272 | R17: =($N17-$K17-$L17-$M17)*$D17 -> -22714.2 | S17: =IF(Q17=0,0,Q17-P17+R17) -> 726854.4 | T17: =S17/P17 -> 0.2519685
B18: 넥슨(JP:3659) | C18: JP | D18: 11.3571 | E18: 100 | F18: 3070 | G18: 44167 | I18: 3300 | J18: 44209 | K18: =IF($C18="OTC",ROUNDDOWN($E18*$F18*0.000909187,-1),(IF($C18="신한",ROUNDDOWN($E18*$F18*0.000036396,-1),(IF($C18="토스",$E18*$F18*0.00015,(IF($C18="US",(IF($E18*$F18*0.0025>0.01,$E18*$F18*0.0025,0.01)),IF($C18="JP",(IF($E18*$F18*0.0025>1000,$E18*$F18*0.0025,1000)),(IF($C18="R토스",0,IF($C18="무상증자(신한)",0,""))))))))))) -> 1000 | L18: =IF($C18="OTC",ROUNDDOWN($I18*$E18*0.000909187,-1),(IF($C18="신한",ROUNDDOWN($I18*$E18*0.000036396,-1),(IF($C18="토스",$I18*$E18*0.00015,(IF($C18="US",(IF($I18*$E18*0.0025>0.01,$I18*$E18*0.0025,0.01)),(IF($C18="JP",(IF($I18*$E18*0.0025>1000,$I18*$E18*0.0025,1000)),(IF($C18="R토스",$I18*$E18*0.00015,(IF($C18="무상증자(신한)",ROUNDDOWN($I18*$E18*0.000036396,-1),""))))))))))))) -> 1000 | N18: =250-38 -> 212 | O18: =J18-G18+1 -> 43 | P18: =$E18*$F18*$D18 -> 3486629.7 | Q18: =$E18*$I18*$D18 -> 3747843 | R18: =($N18-$K18-$L18-$M18)*$D18 -> -20306.495 | S18: =IF(Q18=0,0,Q18-P18+R18) -> 240906.81 | T18: =S18/P18 -> 0.069094463
B19: PROETF SHORT VIX SHORT TERM FUTURES ETF | C19: 한화 | D19: 1230.9 | E19: 15 | F19: 29.75 | G19: 43927 | I19: 35.4 | J19: 43990 | K19: =ROUNDDOWN(E19*F19*0.001, 2) -> 0.44 | L19: =ROUNDDOWN(E19*I19*0.001, 2) -> 0.53 | M19: =ROUNDUP((E19*I19*0.0000221),2) -> 0.02 | O19: =IF(J19="","",J19-G19+1) -> 64 | P19: =$E19*$F19*$D19 -> 549289.12 | Q19: =$E19*$I19*$D19 -> 653607.9 | R19: =($N19-$K19-$L19-$M19)*$D19 -> -1218.591 | S19: =IF(Q19=0,"",Q19-P19+R19) -> 103100.18 | T19: =IF(Q19=0,"",S19/P19) -> 0.18769748 | V19: =K19/(E19*F19) -> 0.0009859944
B20: PROETF ULTRA OIL & GAS | C20: 한화 | D20: 1230.9 | E20: 30 | F20: 44 | G20: 43927 | I20: 77 | J20: 44183 | K20: =ROUNDDOWN(E20*F20*0.001, 2) -> 1.32 | L20: =ROUNDDOWN(E20*I20*0.001, 2) -> 2.31 | M20: =ROUNDUP((E20*I20*0.0000221),2) -> 0.06 | N20: =(18.81-2.82)+(18.2-2.73) -> 31.46 | O20: =IF(J20="","",J20-G20+1) -> 257 | P20: =$E20*$F20*$D20 -> 1624788 | Q20: =$E20*$I20*$D20 -> 2843379 | R20: =($N20-$K20-$L20-$M20)*$D20 -> 34182.093 | S20: =IF(Q20=0,"",Q20-P20+R20) -> 1252773.1 | T20: =IF(Q20=0,"",S20/P20) -> 0.77103788 | V20: =K20/(E20*F20) -> 0.001
B21: PROETF VIX SHORT-TERM FUTURES ETF | C21: 한화 | D21: 1147.5 | E21: 42 | F21: 23.5 | G21: 43564 | I21: 25 | J21: 43696 | K21: =ROUNDDOWN(E21*F21*0.001, 2) -> 0.98 | L21: =ROUNDDOWN(E21*I21*0.001, 2) -> 1.05 | M21: =ROUNDUP((E21*I21*0.0000221),2) -> 0.03 | O21: =IF(J21="","",J21-G21+1) -> 133 | P21: =$E21*$F21*$D21 -> 1132582.5 | Q21: =$E21*$I21*$D21 -> 1204875 | R21: =($N21-$K21-$L21-$M21)*$D21 -> -2363.85 | S21: =IF(Q21=0,"",Q21-P21+R21) -> 69928.65 | T21: =IF(Q21=0,"",S21/P21) -> 0.061742655 | V21: =K21/(E21*F21) -> 0.0009929078
B22: PROETF VIX SHORT-TERM FUTURES ETF | C22: 한화 | D22: 1147.5 | E22: 51 | F22: 20.78 | G22: 43718 | I22: 19.5 | J22: 43896 | K22: =ROUNDDOWN(E22*F22*0.001, 2) -> 1.05 | L22: =ROUNDDOWN(E22*I22*0.001, 2) -> 0.99 | M22: =ROUNDUP((E22*I22*0.0000221),2) -> 0.03 | O22: =IF(J22="","",J22-G22+1) -> 179 | P22: =$E22*$F22*$D22 -> 1216097.6 | Q22: =$E22*$I22*$D22 -> 1141188.8 | R22: =($N22-$K22-$L22-$M22)*$D22 -> -2375.325 | S22: =IF(Q22=0,"",Q22-P22+R22) -> -77284.125 | T22: =IF(Q22=0,"",S22/P22) -> -0.063550926 | V22: =K22/(E22*F22) -> 0.00099077167
B23: PROETF VIX SHORT-TERM FUTURES ETF | C23: 한화 | D23: 1180.1 | E23: 70 | F23: 15.25 | G23: 43783 | I23: 19.5 | J23: 43896 | K23: =ROUNDDOWN(E23*F23*0.001, 2) -> 1.06 | L23: =ROUNDDOWN(E23*I23*0.001, 2) -> 1.36 | M23: =ROUNDUP((E23*I23*0.0000221),2) -> 0.04 | O23: =IF(J23="","",J23-G23+1) -> 114 | P23: =$E23*$F23*$D23 -> 1259756.8 | Q23: =$E23*$I23*$D23 -> 1610836.5 | R23: =($N23-$K23-$L23-$M23)*$D23 -> -2903.046 | S23: =IF(Q23=0,"",Q23-P23+R23) -> 348176.7 | T23: =IF(Q23=0,"",S23/P23) -> 0.27638407 | V23: =K23/(E23*F23) -> 0.00099297424
B24: PROETF VIX SHORT-TERM FUTURES ETF | C24: 한화 | D24: 1181.8 | E24: 40 | F24: 12.25 | G24: 43843 | I24: 19.5 | J24: 43896 | K24: =ROUNDDOWN(E24*F24*0.001, 2) -> 0.49 | L24: =ROUNDDOWN(E24*I24*0.001, 2) -> 0.78 | M24: =ROUNDUP((E24*I24*0.0000221),2) -> 0.02 | O24: =IF(J24="","",J24-G24+1) -> 54 | P24: =$E24*$F24*$D24 -> 579082 | Q24: =$E24*$I24*$D24 -> 921804 | R24: =($N24-$K24-$L24-$M24)*$D24 -> -1524.522 | S24: =IF(Q24=0,"",Q24-P24+R24) -> 341197.48 | T24: =IF(Q24=0,"",S24/P24) -> 0.58920408 | V24: =K24/(E24*F24) -> 0.001
B25: S&P BIO | C25: 한화 | D25: 1102.9 | E25: 16 | F25: 142.1 | G25: 44202 | I25: 170.5 | J25: 44238 | K25: =E25*F25*0.001 -> 2.2736 | L25: =ROUNDDOWN(E25*I25*0.001, 2) -> 2.72 | M25: =ROUNDUP((E25*I25*0.0000221),2) -> 0.07 | O25: =IF(J25="","",J25-G25+1) -> 37 | P25: =$E25*$F25*$D25 -> 2507553.4 | Q25: =$E25*$I25*$D25 -> 3008711.2 | R25: =($N25-$K25-$L25-$M25)*$D25 -> -5584.6444 | S25: =IF(Q25=0,"",Q25-P25+R25) -> 495573.12 | T25: =IF(Q25=0,"",S25/P25) -> 0.19763213
B26: S&P BIO | C26: 한화 | D26: 1102.9 | E26: 9 | F26: 158.38 | G26: 44243 | I26: 103.5 | J26: 45933 | K26: =E26*F26*0.001 -> 1.42542 | L26: =ROUNDDOWN(E26*I26*0.001, 2) -> 0.93 | M26: =ROUNDUP((E26*I26*0.0000221),2) -> 0.03 | N26: =(0.36-0.05)+0.02+(0.12-0.02)+(1.03-0.15)+(0.14-0.02)+0.02+(0.05-0.01)+(0.07-0.01) -> 1.55 | O26: =IF(J26="","",J26-G26+1) -> 1691 | P26: =$E26*$F26*$D26 -> 1572095.7 | Q26: =$E26*$I26*$D26 -> 1027351.4 | R26: =($N26-$K26-$L26-$M26)*$D26 -> -921.38472 | S26: =IF(Q26=0,"",Q26-P26+R26) -> -545665.75 | T26: =IF(Q26=0,"",S26/P26) -> -0.34709448
B27: VANGUARD HEALTH CARE ETF | C27: 한화 | D27: 1182.6 | E27: 7 | F27: 192.5 | G27: 43833 | I27: 198.2 | J27: 44022 | K27: =ROUNDDOWN(E27*F27*0.001, 2) -> 1.34 | L27: =ROUNDDOWN(E27*I27*0.001, 2) -> 1.38 | M27: =ROUNDUP((E27*I27*0.0000221),2) -> 0.04 | N27: =(3.12-0.46)+(5.29-0.79) -> 7.16 | O27: =IF(J27="","",J27-G27+1) -> 190 | P27: =$E27*$F27*$D27 -> 1593553.5 | Q27: =$E27*$I27*$D27 -> 1640739.2 | R27: =($N27-$K27-$L27-$M27)*$D27 -> 5203.44 | S27: =IF(Q27=0,"",Q27-P27+R27) -> 52389.18 | T27: =IF(Q27=0,"",S27/P27) -> 0.032875696 | V27: =K27/(E27*F27) -> 0.00099443414
B28: 바이오젠 | C28: 한화 | D28: 1231.3 | E28: 4 | F28: 264.9 | G28: 44020 | I28: 281.65 | J28: 44090 | K28: =ROUNDDOWN(E28*F28*0.001, 2) -> 1.05 | L28: =ROUNDDOWN(E28*I28*0.001, 2) -> 1.12 | M28: =ROUNDUP((E28*I28*0.0000221),2) -> 0.03 | O28: =IF(J28="","",J28-G28+1) -> 71 | P28: =$E28*$F28*$D28 -> 1304685.5 | Q28: =$E28*$I28*$D28 -> 1387182.6 | R28: =($N28-$K28-$L28-$M28)*$D28 -> -2708.86 | S28: =IF(Q28=0,"",Q28-P28+R28) -> 79788.24 | T28: =IF(Q28=0,"",S28/P28) -> 0.061155153 | V28: =K28/(E28*F28) -> 0.00099093998
B29: 블랙록 | C29: 한화 | D29: 1181.8 | E29: 1 | F29: 520 | G29: 43847 | I29: 541 | J29: 44015 | K29: =ROUNDDOWN(E29*F29*0.001, 2) -> 0.52 | L29: =ROUNDDOWN(E29*I29*0.001, 2) -> 0.54 | M29: =ROUNDUP((E29*I29*0.0000221),2) -> 0.02 | N29: =(3.63-0.54)+(3.63-0.54) -> 6.18 | O29: =IF(J29="","",J29-G29+1) -> 169 | P29: =$E29*$F29*$D29 -> 614536 | Q29: =$E29*$I29*$D29 -> 639353.8 | R29: =($N29-$K29-$L29-$M29)*$D29 -> 6027.18 | S29: =IF(Q29=0,"",Q29-P29+R29) -> 30844.98 | T29: =IF(Q29=0,"",S29/P29) -> 0.050192308 | V29: =K29/(E29*F29) -> 0.001
B30: BNK금융지주 | C30: 한화 | E30: 50 | F30: 8620 | G30: 42608 | I30: 8860 | J30: 42618 | K30: =ROUNDDOWN(E30*F30*0.0015,-1) -> 640 | L30: =ROUNDDOWN(I30*E30*0.0015,-1) -> 660 | M30: =I30*E30*0.003 -> 1329 | O30: =J30-G30+1 -> 11 | P30: =F30*E30 -> 431000 | Q30: =I30*E30 -> 443000 | R30: =N30-K30-L30-M30 -> -2629 | S30: =IF(Q30=0,0,Q30-P30+R30) -> 9371 | T30: =S30/P30 -> 0.021742459 | U30: =T30*365/O30 -> 0.72145433
B31: C&S자산관리 | C31: 한화 | E31: 250 | F31: 4020 | G31: 42585 | I31: 4250 | J31: 42587 | K31: =ROUNDDOWN(E31*F31*0.0015,-1) -> 1500 | L31: =ROUNDDOWN(I31*E31*0.0015,-1) -> 1590 | M31: =I31*E31*0.003 -> 3187.5 | O31: =J31-G31+1 -> 3 | P31: =F31*E31 -> 1005000 | Q31: =I31*E31 -> 1062500 | R31: =N31-K31-L31-M31 -> -6277.5 | S31: =IF(Q31=0,0,Q31-P31+R31) -> 51222.5 | T31: =S31/P31 -> 0.050967662 | U31: =T31*365/O31 -> 6.2010655
B32: C&우방 | C32: 한투 | E32: 20 | F32: 5250 | G32: 39322 | I32: 110 | J32: 39940 | K32: =ROUNDDOWN(E32*F32*0.005,-1) -> 520 | L32: =ROUNDDOWN(I32*E32*0.005,-1) -> 10 | M32: =I32*E32*0.003 -> 6.6 | O32: =J32-G32+1 -> 619 | P32: =F32*E32 -> 105000 | Q32: =I32*E32 -> 2200 | R32: =N32-K32-L32-M32 -> -536.6 | S32: =IF(Q32=0,0,Q32-P32+R32) -> -103336.6 | T32: =S32/P32 -> -0.9841581 | U32: =T32*365/O32 -> -0.58031939
B33: CJ인터넷 | C33: 미래에셋 | E33: 10 | F33: 9510 | G33: 39758 | I33: 11000 | J33: 39783 | K33: 20 | L33: 30 | O33: =J33-G33+1 -> 26 | P33: =F33*E33 -> 95100 | Q33: =I33*E33 -> 110000 | R33: =N33-K33-L33-M33 -> -50 | S33: =IF(Q33=0,0,Q33-P33+R33) -> 14850 | T33: =S33/P33 -> 0.15615142 | U33: =T33*365/O33 -> 2.1921257 | X33: =E33*I33*0.0000221 -> 2.431 | Y33: =ROUNDUP(E33*I33*0.000021,2) -> 2.31
B34: CJ제일제당 | C34: 미래에셋 | E34: 2 | F34: 140000 | G34: 39927 | I34: 170000 | J34: 39945 | K34: 80 | L34: 90 | O34: =J34-G34+1 -> 19 | P34: =F34*E34 -> 280000 | Q34: =I34*E34 -> 340000 | R34: =N34-K34-L34-M34 -> -170 | S34: =IF(Q34=0,0,Q34-P34+R34) -> 59830 | T34: =S34/P34 -> 0.21367857 | U34: =T34*365/O34 -> 4.1048778 | X34: =E34*I34*0.0000221 -> 7.514 | Y34: =ROUNDUP(E34*I34*0.000021,2) -> 7.14
B35: DSC인베스트먼트 | C35: 한화 | E35: 500 | F35: 2920 | G35: 43862 | I35: 3200 | J35: 43984 | K35: =ROUNDDOWN(E35*F35*0.0015,-1) -> 2190 | L35: =ROUNDDOWN(I35*E35*0.0015,-1) -> 2400 | M35: =ROUNDDOWN(I35*E35*0.0025, ) -> 4000 | O35: =J35-G35+1 -> 123 | P35: =F35*E35 -> 1460000 | Q35: =I35*E35 -> 1600000 | R35: =N35-K35-L35-M35 -> -8590 | S35: =IF(Q35=0,0,Q35-P35+R35) -> 131410 | T35: =S35/P35 -> 0.090006849 | U35: =T35*365/O35 -> 0.2670935 | X35: =E35*I35*0.0000221 -> 35.36 | Y35: =ROUNDUP(E35*I35*0.000021,2) -> 33.6
B36: GRT | C36: 한화 | E36: 400 | F36: 2600 | G36: 43300 | I36: 2950 | J36: 44832 | K36: =ROUNDDOWN(E36*F36*0.0015,-1) -> 1560 | L36: =ROUNDDOWN(I36*E36*0.0015,-1) -> 1770 | M36: =ROUNDDOWN(I36*E36*0.0025, ) -> 2950 | O36: =J36-G36+1 -> 1533 | P36: =F36*E36 -> 1040000 | Q36: =I36*E36 -> 1180000 | R36: =N36-K36-L36-M36 -> -6280 | S36: =IF(Q36=0,0,Q36-P36+R36) -> 133720 | T36: =S36/P36 -> 0.12857692 | U36: =T36*365/O36 -> 0.030613553 | X36: =E36*I36*0.0000221 -> 26.078 | Y36: =ROUNDUP(E36*I36*0.000021,2) -> 24.78
B37: GS | C37: 미래에셋 | E37: 10 | F37: 31000 | G37: 39961 | I37: 32100 | J37: 40025 | K37: 80 | L37: 90 | O37: =J37-G37+1 -> 65 | P37: =F37*E37 -> 310000 | Q37: =I37*E37 -> 321000 | R37: =N37-K37-L37-M37 -> -170 | S37: =IF(Q37=0,0,Q37-P37+R37) -> 10830 | T37: =S37/P37 -> 0.034935484 | U37: =T37*365/O37 -> 0.19617618 | X37: =E37*I37*0.0000221 -> 7.0941 | Y37: =ROUNDUP(E37*I37*0.000021,2) -> 6.75
B38: GS | C38: 미래에셋 | E38: 40 | F38: 43900 | G38: 41792 | I38: 46700 | J38: 41851 | K38: =ROUNDDOWN(E38*F38*0.00015,-1) -> 260 | L38: =ROUNDDOWN(I38*E38*0.00015,-1) -> 280 | M38: =I38*E38*0.003 -> 5604 | O38: =J38-G38+1 -> 60 | P38: =F38*E38 -> 1756000 | Q38: =I38*E38 -> 1868000 | R38: =N38-K38-L38-M38 -> -6144 | S38: =IF(Q38=0,0,Q38-P38+R38) -> 105856 | T38: =S38/P38 -> 0.06028246 | U38: =T38*365/O38 -> 0.3667183 | X38: =E38*I38*0.0000221 -> 41.2828 | Y38: =ROUNDUP(E38*I38*0.000021,2) -> 39.23
B39: HD현대일렉트릭 | C39: 토스 | D39: =IF(OR($C39="신한",$C39="OTC",$C39="무상증자(신한)",$C39="토스",$C39="R토스"),1,"확인") -> 1 | E39: 2 | F39: 425000 | G39: 45819 | H39: 약관 | I39: 454000 | J39: 45824 | K39: =IF($C39="OTC",ROUNDDOWN($E39*$F39*0.000909187,-1),(IF($C39="신한",ROUNDDOWN($E39*$F39*0.000036396,-1),(IF($C39="토스",$E39*$F39*0.00015,(IF($C39="US",(IF($E39*$F39*0.0025>0.01,$E39*$F39*0.0025,0.01)),IF($C39="JP",(IF($E39*$F39*0.0025>1000,$E39*$F39*0.0025,1000)),(IF($C39="R토스",0,IF($C39="무상증자(신한)",0,""))))))))))) -> 127.5 | L39: =IF($C39="OTC",ROUNDDOWN($I39*$E39*0.000909187,-1),(IF($C39="신한",ROUNDDOWN($I39*$E39*0.000036396,-1),(IF($C39="토스",$I39*$E39*0.00015,(IF($C39="US",(IF($I39*$E39*0.0025>0.01,$I39*$E39*0.0025,0.01)),(IF($C39="JP",(IF($I39*$E39*0.0025>1000,$I39*$E39*0.0025,1000)),(IF($C39="R토스",$I39*$E39*0.00015,(IF($C39="무상증자(신한)",ROUNDDOWN($I39*$E39*0.000036396,-1),""))))))))))))) -> 136.2 | M39: =Q39*0.0015 -> 1362 | O39: =J39-G39+1 -> 6 | P39: =$E39*$F39*$D39 -> 850000 | Q39: =$E39*$I39*$D39 -> 908000 | R39: =($N39-$K39-$L39-$M39)*$D39 -> -1625.7 | S39: =IF(Q39=0,0,Q39-P39+R39) -> 56374.3 | T39: =S39/P39 -> 0.066322706 | V39: =+P39*0.05*O39/365 -> 698.63014 | X39: =E39*I39*0.0000221 -> 20.0668 | Y39: =ROUNDUP(E39*I39*0.000021,2) -> 19.07
B40: HD현대일렉트릭 | C40: 토스 | D40: =IF(OR($C40="신한",$C40="OTC",$C40="무상증자(신한)",$C40="토스",$C40="R토스"),1,"확인") -> 1 | E40: 2 | F40: 418500 | G40: 45819 | H40: 약관 | I40: 454000 | J40: 45824 | K40: =IF($C40="OTC",ROUNDDOWN($E40*$F40*0.000909187,-1),(IF($C40="신한",ROUNDDOWN($E40*$F40*0.000036396,-1),(IF($C40="토스",$E40*$F40*0.00015,(IF($C40="US",(IF($E40*$F40*0.0025>0.01,$E40*$F40*0.0025,0.01)),IF($C40="JP",(IF($E40*$F40*0.0025>1000,$E40*$F40*0.0025,1000)),(IF($C40="R토스",0,IF($C40="무상증자(신한)",0,""))))))))))) -> 125.55 | L40: =IF($C40="OTC",ROUNDDOWN($I40*$E40*0.000909187,-1),(IF($C40="신한",ROUNDDOWN($I40*$E40*0.000036396,-1),(IF($C40="토스",$I40*$E40*0.00015,(IF($C40="US",(IF($I40*$E40*0.0025>0.01,$I40*$E40*0.0025,0.01)),(IF($C40="JP",(IF($I40*$E40*0.0025>1000,$I40*$E40*0.0025,1000)),(IF($C40="R토스",$I40*$E40*0.00015,(IF($C40="무상증자(신한)",ROUNDDOWN($I40*$E40*0.000036396,-1),""))))))))))))) -> 136.2 | M40: =Q40*0.0015 -> 1362 | O40: =J40-G40+1 -> 6 | P40: =$E40*$F40*$D40 -> 837000 | Q40: =$E40*$I40*$D40 -> 908000 | R40: =($N40-$K40-$L40-$M40)*$D40 -> -1623.75 | S40: =IF(Q40=0,0,Q40-P40+R40) -> 69376.25 | T40: =S40/P40 -> 0.082886798 | V40: =+P40*0.05*O40/365 -> 687.94521 | X40: =E40*I40*0.0000221 -> 20.0668 | Y40: =ROUNDUP(X40,2) -> 20.07
B41: HMM | C41: 신한 | D41: =IF(OR($C41="신한",$C41="OTC",$C41="무상증자(신한)",$C41="토스",$C41="R토스"),1,"확인") -> 1 | E41: 82 | F41: 13350 | G41: 44165 | I41: 16250 | J41: 44202 | K41: =IF($C41="OTC",ROUNDDOWN($E41*$F41*0.000909187,-1),(IF($C41="신한",ROUNDDOWN($E41*$F41*0.000036396,-1),(IF($C41="토스",$E41*$F41*0.00015,(IF($C41="US",(IF($E41*$F41*0.0025>0.01,$E41*$F41*0.0025,0.01)),IF($C41="JP",(IF($E41*$F41*0.0025>1000,$E41*$F41*0.0025,1000)),(IF($C41="R토스",0,IF($C41="무상증자(신한)",0,""))))))))))) -> 30 | L41: =IF($C41="OTC",ROUNDDOWN($I41*$E41*0.000909187,-1),(IF($C41="신한",ROUNDDOWN($I41*$E41*0.000036396,-1),(IF($C41="토스",$I41*$E41*0.00015,(IF($C41="US",(IF($I41*$E41*0.0025>0.01,$I41*$E41*0.0025,0.01)),(IF($C41="JP",(IF($I41*$E41*0.0025>1000,$I41*$E41*0.0025,1000)),(IF($C41="R토스",$I41*$E41*0.00015,(IF($C41="무상증자(신한)",ROUNDDOWN($I41*$E41*0.000036396,-1),""))))))))))))) -> 40 | M41: =Q41*0.0023 -> 3064.75 | O41: =J41-G41+1 -> 38 | P41: =$E41*$F41*$D41 -> 1094700 | Q41: =$E41*$I41*$D41 -> 1332500 | R41: =($N41-$K41-$L41-$M41)*$D41 -> -3134.75 | S41: =IF(Q41=0,0,Q41-P41+R41) -> 234665.25 | T41: =S41/P41 -> 0.21436489 | X41: =E41*I41*0.0000221 -> 29.44825 | Y41: =ROUNDUP(X41,2) -> 29.45
B42: HMM | C42: 신한 | D42: =IF(OR($C42="신한",$C42="OTC",$C42="무상증자(신한)",$C42="토스",$C42="R토스"),1,"확인") -> 1 | E42: 20 | F42: 12500 | G42: 44169 | I42: 16250 | J42: 44202 | K42: =IF($C42="OTC",ROUNDDOWN($E42*$F42*0.000909187,-1),(IF($C42="신한",ROUNDDOWN($E42*$F42*0.000036396,-1),(IF($C42="토스",$E42*$F42*0.00015,(IF($C42="US",(IF($E42*$F42*0.0025>0.01,$E42*$F42*0.0025,0.01)),IF($C42="JP",(IF($E42*$F42*0.0025>1000,$E42*$F42*0.0025,1000)),(IF($C42="R토스",0,IF($C42="무상증자(신한)",0,""))))))))))) -> 0 | L42: =IF($C42="OTC",ROUNDDOWN($I42*$E42*0.000909187,-1),(IF($C42="신한",ROUNDDOWN($I42*$E42*0.000036396,-1),(IF($C42="토스",$I42*$E42*0.00015,(IF($C42="US",(IF($I42*$E42*0.0025>0.01,$I42*$E42*0.0025,0.01)),(IF($C42="JP",(IF($I42*$E42*0.0025>1000,$I42*$E42*0.0025,1000)),(IF($C42="R토스",$I42*$E42*0.00015,(IF($C42="무상증자(신한)",ROUNDDOWN($I42*$E42*0.000036396,-1),""))))))))))))) -> 10 | M42: =Q42*0.0023 -> 747.5 | O42: =J42-G42+1 -> 34 | P42: =$E42*$F42*$D42 -> 250000 | Q42: =$E42*$I42*$D42 -> 325000 | R42: =($N42-$K42-$L42-$M42)*$D42 -> -757.5 | S42: =IF(Q42=0,0,Q42-P42+R42) -> 74242.5 | T42: =S42/P42 -> 0.29697 | X42: =E42*I42*0.0000221 -> 7.1825 | Y42: =ROUNDUP(X42,2) -> 7.19
B43: HMM | C43: 신한 | D43: =IF(OR($C43="신한",$C43="OTC",$C43="무상증자(신한)",$C43="토스",$C43="R토스"),1,"확인") -> 1 | E43: 98 | F43: 13200 | G43: 44187 | I43: 16250 | J43: 44202 | K43: =IF($C43="OTC",ROUNDDOWN($E43*$F43*0.000909187,-1),(IF($C43="신한",ROUNDDOWN($E43*$F43*0.000036396,-1),(IF($C43="토스",$E43*$F43*0.00015,(IF($C43="US",(IF($E43*$F43*0.0025>0.01,$E43*$F43*0.0025,0.01)),IF($C43="JP",(IF($E43*$F43*0.0025>1000,$E43*$F43*0.0025,1000)),(IF($C43="R토스",0,IF($C43="무상증자(신한)",0,""))))))))))) -> 40 | L43: =IF($C43="OTC",ROUNDDOWN($I43*$E43*0.000909187,-1),(IF($C43="신한",ROUNDDOWN($I43*$E43*0.000036396,-1),(IF($C43="토스",$I43*$E43*0.00015,(IF($C43="US",(IF($I43*$E43*0.0025>0.01,$I43*$E43*0.0025,0.01)),(IF($C43="JP",(IF($I43*$E43*0.0025>1000,$I43*$E43*0.0025,1000)),(IF($C43="R토스",$I43*$E43*0.00015,(IF($C43="무상증자(신한)",ROUNDDOWN($I43*$E43*0.000036396,-1),""))))))))))))) -> 50 | M43: =Q43*0.0023 -> 3662.75 | O43: =J43-G43+1 -> 16 | P43: =$E43*$F43*$D43 -> 1293600 | Q43: =$E43*$I43*$D43 -> 1592500 | R43: =($N43-$K43-$L43-$M43)*$D43 -> -3752.75 | S43: =IF(Q43=0,0,Q43-P43+R43) -> 295147.25 | T43: =S43/P43 -> 0.22815959 | X43: =E43*I43*0.0000221 -> 35.19425 | Y43: =ROUNDUP(X43,2) -> 35.2
B44: HMM | C44: 신한 | D44: =IF(OR($C44="신한",$C44="OTC",$C44="무상증자(신한)",$C44="토스",$C44="R토스"),1,"확인") -> 1 | E44: 50 | F44: 22900 | G44: 45905 | I44: 25100 | J44: 46084 | K44: =IF($C44="OTC",ROUNDDOWN($E44*$F44*0.000909187,-1),(IF($C44="신한",ROUNDDOWN($E44*$F44*0.000036396,-1),(IF($C44="토스",$E44*$F44*0.00015,(IF($C44="US",(IF($E44*$F44*0.0025>0.01,$E44*$F44*0.0025,0.01)),IF($C44="JP",(IF($E44*$F44*0.0025>1000,$E44*$F44*0.0025,1000)),(IF($C44="R토스",0,IF($C44="무상증자(신한)",0,""))))))))))) -> 40 | L44: =IF($C44="OTC",ROUNDDOWN($I44*$E44*0.000909187,-1),(IF($C44="신한",ROUNDDOWN($I44*$E44*0.000036396,-1),(IF($C44="토스",$I44*$E44*0.00015,(IF($C44="US",(IF($I44*$E44*0.0025>0.01,$I44*$E44*0.0025,0.01)),(IF($C44="JP",(IF($I44*$E44*0.0025>1000,$I44*$E44*0.0025,1000)),(IF($C44="R토스",$I44*$E44*0.00015,(IF($C44="무상증자(신한)",ROUNDDOWN($I44*$E44*0.000036396,-1),""))))))))))))) -> 40 | M44: =Q44*0.002 -> 2510 | O44: =J44-G44+1 -> 180 | P44: =$E44*$F44*$D44 -> 1145000 | Q44: =$E44*$I44*$D44 -> 1255000 | R44: =($N44-$K44-$L44-$M44)*$D44 -> -2590 | S44: =IF(Q44=0,0,Q44-P44+R44) -> 107410 | T44: =S44/P44 -> 0.09380786
B45: HMM | C45: 신한 | D45: =IF(OR($C45="신한",$C45="OTC",$C45="무상증자(신한)",$C45="토스",$C45="R토스"),1,"확인") -> 1 | E45: 100 | F45: 23400 | G45: 45905 | I45: 25100 | J45: 46084 | K45: =IF($C45="OTC",ROUNDDOWN($E45*$F45*0.000909187,-1),(IF($C45="신한",ROUNDDOWN($E45*$F45*0.000036396,-1),(IF($C45="토스",$E45*$F45*0.00015,(IF($C45="US",(IF($E45*$F45*0.0025>0.01,$E45*$F45*0.0025,0.01)),IF($C45="JP",(IF($E45*$F45*0.0025>1000,$E45*$F45*0.0025,1000)),(IF($C45="R토스",0,IF($C45="무상증자(신한)",0,""))))))))))) -> 80 | L45: =IF($C45="OTC",ROUNDDOWN($I45*$E45*0.000909187,-1),(IF($C45="신한",ROUNDDOWN($I45*$E45*0.000036396,-1),(IF($C45="토스",$I45*$E45*0.00015,(IF($C45="US",(IF($I45*$E45*0.0025>0.01,$I45*$E45*0.0025,0.01)),(IF($C45="JP",(IF($I45*$E45*0.0025>1000,$I45*$E45*0.0025,1000)),(IF($C45="R토스",$I45*$E45*0.00015,(IF($C45="무상증자(신한)",ROUNDDOWN($I45*$E45*0.000036396,-1),""))))))))))))) -> 90 | M45: =Q45*0.002 -> 5020 | O45: =J45-G45+1 -> 180 | P45: =$E45*$F45*$D45 -> 2340000 | Q45: =$E45*$I45*$D45 -> 2510000 | R45: =($N45-$K45-$L45-$M45)*$D45 -> -5190 | S45: =IF(Q45=0,0,Q45-P45+R45) -> 164810 | T45: =S45/P45 -> 0.070431624
B46: HMM | C46: 신한 | D46: =IF(OR($C46="신한",$C46="OTC",$C46="무상증자(신한)",$C46="토스",$C46="R토스"),1,"확인") -> 1 | E46: 2 | F46: 20000 | G46: 45944 | I46: 25100 | J46: 46084 | K46: =IF($C46="OTC",ROUNDDOWN($E46*$F46*0.000909187,-1),(IF($C46="신한",ROUNDDOWN($E46*$F46*0.000036396,-1),(IF($C46="토스",$E46*$F46*0.00015,(IF($C46="US",(IF($E46*$F46*0.0025>0.01,$E46*$F46*0.0025,0.01)),IF($C46="JP",(IF($E46*$F46*0.0025>1000,$E46*$F46*0.0025,1000)),(IF($C46="R토스",0,IF($C46="무상증자(신한)",0,""))))))))))) -> 0 | L46: =IF($C46="OTC",ROUNDDOWN($I46*$E46*0.000909187,-1),(IF($C46="신한",ROUNDDOWN($I46*$E46*0.000036396,-1),(IF($C46="토스",$I46*$E46*0.00015,(IF($C46="US",(IF($I46*$E46*0.0025>0.01,$I46*$E46*0.0025,0.01)),(IF($C46="JP",(IF($I46*$E46*0.0025>1000,$I46*$E46*0.0025,1000)),(IF($C46="R토스",$I46*$E46*0.00015,(IF($C46="무상증자(신한)",ROUNDDOWN($I46*$E46*0.000036396,-1),""))))))))))))) -> 0 | M46: =Q46*0.002 -> 100.4 | O46: =J46-G46+1 -> 141 | P46: =$E46*$F46*$D46 -> 40000 | Q46: =$E46*$I46*$D46 -> 50200 | R46: =($N46-$K46-$L46-$M46)*$D46 -> -100.4 | S46: =IF(Q46=0,0,Q46-P46+R46) -> 10099.6 | T46: =S46/P46 -> 0.25249
B47: HMM | C47: 신한 | D47: =IF(OR($C47="신한",$C47="OTC",$C47="무상증자(신한)",$C47="토스",$C47="R토스"),1,"확인") -> 1 | E47: 2 | F47: 20550 | G47: 45951 | I47: 25100 | J47: 46084 | K47: =IF($C47="OTC",ROUNDDOWN($E47*$F47*0.000909187,-1),(IF($C47="신한",ROUNDDOWN($E47*$F47*0.000036396,-1),(IF($C47="토스",$E47*$F47*0.00015,(IF($C47="US",(IF($E47*$F47*0.0025>0.01,$E47*$F47*0.0025,0.01)),IF($C47="JP",(IF($E47*$F47*0.0025>1000,$E47*$F47*0.0025,1000)),(IF($C47="R토스",0,IF($C47="무상증자(신한)",0,""))))))))))) -> 0 | L47: =IF($C47="OTC",ROUNDDOWN($I47*$E47*0.000909187,-1),(IF($C47="신한",ROUNDDOWN($I47*$E47*0.000036396,-1),(IF($C47="토스",$I47*$E47*0.00015,(IF($C47="US",(IF($I47*$E47*0.0025>0.01,$I47*$E47*0.0025,0.01)),(IF($C47="JP",(IF($I47*$E47*0.0025>1000,$I47*$E47*0.0025,1000)),(IF($C47="R토스",$I47*$E47*0.00015,(IF($C47="무상증자(신한)",ROUNDDOWN($I47*$E47*0.000036396,-1),""))))))))))))) -> 0 | M47: =Q47*0.002 -> 100.4 | O47: =J47-G47+1 -> 134 | P47: =$E47*$F47*$D47 -> 41100 | Q47: =$E47*$I47*$D47 -> 50200 | R47: =($N47-$K47-$L47-$M47)*$D47 -> -100.4 | S47: =IF(Q47=0,0,Q47-P47+R47) -> 8999.6 | T47: =S47/P47 -> 0.21896837
B48: HMM | C48: 신한 | D48: =IF(OR($C48="신한",$C48="OTC",$C48="무상증자(신한)",$C48="토스",$C48="R토스"),1,"확인") -> 1 | E48: 2 | F48: 21200 | G48: 45958 | I48: 25100 | J48: 46084 | K48: =IF($C48="OTC",ROUNDDOWN($E48*$F48*0.000909187,-1),(IF($C48="신한",ROUNDDOWN($E48*$F48*0.000036396,-1),(IF($C48="토스",$E48*$F48*0.00015,(IF($C48="US",(IF($E48*$F48*0.0025>0.01,$E48*$F48*0.0025,0.01)),IF($C48="JP",(IF($E48*$F48*0.0025>1000,$E48*$F48*0.0025,1000)),(IF($C48="R토스",0,IF($C48="무상증자(신한)",0,""))))))))))) -> 0 | L48: =IF($C48="OTC",ROUNDDOWN($I48*$E48*0.000909187,-1),(IF($C48="신한",ROUNDDOWN($I48*$E48*0.000036396,-1),(IF($C48="토스",$I48*$E48*0.00015,(IF($C48="US",(IF($I48*$E48*0.0025>0.01,$I48*$E48*0.0025,0.01)),(IF($C48="JP",(IF($I48*$E48*0.0025>1000,$I48*$E48*0.0025,1000)),(IF($C48="R토스",$I48*$E48*0.00015,(IF($C48="무상증자(신한)",ROUNDDOWN($I48*$E48*0.000036396,-1),""))))))))))))) -> 0 | M48: =Q48*0.002 -> 100.4 | O48: =J48-G48+1 -> 127 | P48: =$E48*$F48*$D48 -> 42400 | Q48: =$E48*$I48*$D48 -> 50200 | R48: =($N48-$K48-$L48-$M48)*$D48 -> -100.4 | S48: =IF(Q48=0,0,Q48-P48+R48) -> 7699.6 | T48: =S48/P48 -> 0.18159434
B49: HMM | C49: 신한 | D49: =IF(OR($C49="신한",$C49="OTC",$C49="무상증자(신한)",$C49="토스",$C49="R토스"),1,"확인") -> 1 | E49: 2 | F49: 20150 | G49: 45965 | I49: 25100 | J49: 46084 | K49: =IF($C49="OTC",ROUNDDOWN($E49*$F49*0.000909187,-1),(IF($C49="신한",ROUNDDOWN($E49*$F49*0.000036396,-1),(IF($C49="토스",$E49*$F49*0.00015,(IF($C49="US",(IF($E49*$F49*0.0025>0.01,$E49*$F49*0.0025,0.01)),IF($C49="JP",(IF($E49*$F49*0.0025>1000,$E49*$F49*0.0025,1000)),(IF($C49="R토스",0,IF($C49="무상증자(신한)",0,""))))))))))) -> 0 | L49: =IF($C49="OTC",ROUNDDOWN($I49*$E49*0.000909187,-1),(IF($C49="신한",ROUNDDOWN($I49*$E49*0.000036396,-1),(IF($C49="토스",$I49*$E49*0.00015,(IF($C49="US",(IF($I49*$E49*0.0025>0.01,$I49*$E49*0.0025,0.01)),(IF($C49="JP",(IF($I49*$E49*0.0025>1000,$I49*$E49*0.0025,1000)),(IF($C49="R토스",$I49*$E49*0.00015,(IF($C49="무상증자(신한)",ROUNDDOWN($I49*$E49*0.000036396,-1),""))))))))))))) -> 0 | M49: =Q49*0.002 -> 100.4 | O49: =J49-G49+1 -> 120 | P49: =$E49*$F49*$D49 -> 40300 | Q49: =$E49*$I49*$D49 -> 50200 | R49: =($N49-$K49-$L49-$M49)*$D49 -> -100.4 | S49: =IF(Q49=0,0,Q49-P49+R49) -> 9799.6 | T49: =S49/P49 -> 0.24316625
B50: HMM | C50: 신한 | D50: =IF(OR($C50="신한",$C50="OTC",$C50="무상증자(신한)",$C50="토스",$C50="R토스"),1,"확인") -> 1 | E50: 2 | F50: 20050 | G50: 45972 | I50: 25100 | J50: 46084 | K50: =IF($C50="OTC",ROUNDDOWN($E50*$F50*0.000909187,-1),(IF($C50="신한",ROUNDDOWN($E50*$F50*0.000036396,-1),(IF($C50="토스",$E50*$F50*0.00015,(IF($C50="US",(IF($E50*$F50*0.0025>0.01,$E50*$F50*0.0025,0.01)),IF($C50="JP",(IF($E50*$F50*0.0025>1000,$E50*$F50*0.0025,1000)),(IF($C50="R토스",0,IF($C50="무상증자(신한)",0,""))))))))))) -> 0 | L50: =IF($C50="OTC",ROUNDDOWN($I50*$E50*0.000909187,-1),(IF($C50="신한",ROUNDDOWN($I50*$E50*0.000036396,-1),(IF($C50="토스",$I50*$E50*0.00015,(IF($C50="US",(IF($I50*$E50*0.0025>0.01,$I50*$E50*0.0025,0.01)),(IF($C50="JP",(IF($I50*$E50*0.0025>1000,$I50*$E50*0.0025,1000)),(IF($C50="R토스",$I50*$E50*0.00015,(IF($C50="무상증자(신한)",ROUNDDOWN($I50*$E50*0.000036396,-1),""))))))))))))) -> 0 | M50: =Q50*0.002 -> 100.4 | O50: =J50-G50+1 -> 113 | P50: =$E50*$F50*$D50 -> 40100 | Q50: =$E50*$I50*$D50 -> 50200 | R50: =($N50-$K50-$L50-$M50)*$D50 -> -100.4 | S50: =IF(Q50=0,0,Q50-P50+R50) -> 9999.6 | T50: =S50/P50 -> 0.24936658
B51: HMM | C51: 신한 | D51: =IF(OR($C51="신한",$C51="OTC",$C51="무상증자(신한)",$C51="토스",$C51="R토스"),1,"확인") -> 1 | E51: 2 | F51: 19020 | G51: 45979 | I51: 25100 | J51: 46084 | K51: =IF($C51="OTC",ROUNDDOWN($E51*$F51*0.000909187,-1),(IF($C51="신한",ROUNDDOWN($E51*$F51*0.000036396,-1),(IF($C51="토스",$E51*$F51*0.00015,(IF($C51="US",(IF($E51*$F51*0.0025>0.01,$E51*$F51*0.0025,0.01)),IF($C51="JP",(IF($E51*$F51*0.0025>1000,$E51*$F51*0.0025,1000)),(IF($C51="R토스",0,IF($C51="무상증자(신한)",0,""))))))))))) -> 0 | L51: =IF($C51="OTC",ROUNDDOWN($I51*$E51*0.000909187,-1),(IF($C51="신한",ROUNDDOWN($I51*$E51*0.000036396,-1),(IF($C51="토스",$I51*$E51*0.00015,(IF($C51="US",(IF($I51*$E51*0.0025>0.01,$I51*$E51*0.0025,0.01)),(IF($C51="JP",(IF($I51*$E51*0.0025>1000,$I51*$E51*0.0025,1000)),(IF($C51="R토스",$I51*$E51*0.00015,(IF($C51="무상증자(신한)",ROUNDDOWN($I51*$E51*0.000036396,-1),""))))))))))))) -> 0 | M51: =Q51*0.002 -> 100.4 | O51: =J51-G51+1 -> 106 | P51: =$E51*$F51*$D51 -> 38040 | Q51: =$E51*$I51*$D51 -> 50200 | R51: =($N51-$K51-$L51-$M51)*$D51 -> -100.4 | S51: =IF(Q51=0,0,Q51-P51+R51) -> 12059.6 | T51: =S51/P51 -> 0.31702419
B52: HMM | C52: 신한 | D52: =IF(OR($C52="신한",$C52="OTC",$C52="무상증자(신한)",$C52="토스",$C52="R토스"),1,"확인") -> 1 | E52: 2 | F52: 18850 | G52: 45986 | I52: 25100 | J52: 46084 | K52: =IF($C52="OTC",ROUNDDOWN($E52*$F52*0.000909187,-1),(IF($C52="신한",ROUNDDOWN($E52*$F52*0.000036396,-1),(IF($C52="토스",$E52*$F52*0.00015,(IF($C52="US",(IF($E52*$F52*0.0025>0.01,$E52*$F52*0.0025,0.01)),IF($C52="JP",(IF($E52*$F52*0.0025>1000,$E52*$F52*0.0025,1000)),(IF($C52="R토스",0,IF($C52="무상증자(신한)",0,""))))))))))) -> 0 | L52: =IF($C52="OTC",ROUNDDOWN($I52*$E52*0.000909187,-1),(IF($C52="신한",ROUNDDOWN($I52*$E52*0.000036396,-1),(IF($C52="토스",$I52*$E52*0.00015,(IF($C52="US",(IF($I52*$E52*0.0025>0.01,$I52*$E52*0.0025,0.01)),(IF($C52="JP",(IF($I52*$E52*0.0025>1000,$I52*$E52*0.0025,1000)),(IF($C52="R토스",$I52*$E52*0.00015,(IF($C52="무상증자(신한)",ROUNDDOWN($I52*$E52*0.000036396,-1),""))))))))))))) -> 0 | M52: =Q52*0.002 -> 100.4 | O52: =J52-G52+1 -> 99 | P52: =$E52*$F52*$D52 -> 37700 | Q52: =$E52*$I52*$D52 -> 50200 | R52: =($N52-$K52-$L52-$M52)*$D52 -> -100.4 | S52: =IF(Q52=0,0,Q52-P52+R52) -> 12399.6 | T52: =S52/P52 -> 0.32890186
B53: HMM | C53: 신한 | D53: =IF(OR($C53="신한",$C53="OTC",$C53="무상증자(신한)",$C53="토스",$C53="R토스"),1,"확인") -> 1 | E53: 2 | F53: 19980 | G53: 45993 | I53: 25100 | J53: 46084 | K53: =IF($C53="OTC",ROUNDDOWN($E53*$F53*0.000909187,-1),(IF($C53="신한",ROUNDDOWN($E53*$F53*0.000036396,-1),(IF($C53="토스",$E53*$F53*0.00015,(IF($C53="US",(IF($E53*$F53*0.0025>0.01,$E53*$F53*0.0025,0.01)),IF($C53="JP",(IF($E53*$F53*0.0025>1000,$E53*$F53*0.0025,1000)),(IF($C53="R토스",0,IF($C53="무상증자(신한)",0,""))))))))))) -> 0 | L53: =IF($C53="OTC",ROUNDDOWN($I53*$E53*0.000909187,-1),(IF($C53="신한",ROUNDDOWN($I53*$E53*0.000036396,-1),(IF($C53="토스",$I53*$E53*0.00015,(IF($C53="US",(IF($I53*$E53*0.0025>0.01,$I53*$E53*0.0025,0.01)),(IF($C53="JP",(IF($I53*$E53*0.0025>1000,$I53*$E53*0.0025,1000)),(IF($C53="R토스",$I53*$E53*0.00015,(IF($C53="무상증자(신한)",ROUNDDOWN($I53*$E53*0.000036396,-1),""))))))))))))) -> 0 | M53: =Q53*0.002 -> 100.4 | O53: =J53-G53+1 -> 92 | P53: =$E53*$F53*$D53 -> 39960 | Q53: =$E53*$I53*$D53 -> 50200 | R53: =($N53-$K53-$L53-$M53)*$D53 -> -100.4 | S53: =IF(Q53=0,0,Q53-P53+R53) -> 10139.6 | T53: =S53/P53 -> 0.25374374
B54: HMM | C54: 신한 | D54: =IF(OR($C54="신한",$C54="OTC",$C54="무상증자(신한)",$C54="토스",$C54="R토스"),1,"확인") -> 1 | E54: 2 | F54: 20550 | G54: 46000 | I54: 25100 | J54: 46084 | K54: =IF($C54="OTC",ROUNDDOWN($E54*$F54*0.000909187,-1),(IF($C54="신한",ROUNDDOWN($E54*$F54*0.000036396,-1),(IF($C54="토스",$E54*$F54*0.00015,(IF($C54="US",(IF($E54*$F54*0.0025>0.01,$E54*$F54*0.0025,0.01)),IF($C54="JP",(IF($E54*$F54*0.0025>1000,$E54*$F54*0.0025,1000)),(IF($C54="R토스",0,IF($C54="무상증자(신한)",0,""))))))))))) -> 0 | L54: =IF($C54="OTC",ROUNDDOWN($I54*$E54*0.000909187,-1),(IF($C54="신한",ROUNDDOWN($I54*$E54*0.000036396,-1),(IF($C54="토스",$I54*$E54*0.00015,(IF($C54="US",(IF($I54*$E54*0.0025>0.01,$I54*$E54*0.0025,0.01)),(IF($C54="JP",(IF($I54*$E54*0.0025>1000,$I54*$E54*0.0025,1000)),(IF($C54="R토스",$I54*$E54*0.00015,(IF($C54="무상증자(신한)",ROUNDDOWN($I54*$E54*0.000036396,-1),""))))))))))))) -> 0 | M54: =Q54*0.002 -> 100.4 | O54: =J54-G54+1 -> 85 | P54: =$E54*$F54*$D54 -> 41100 | Q54: =$E54*$I54*$D54 -> 50200 | R54: =($N54-$K54-$L54-$M54)*$D54 -> -100.4 | S54: =IF(Q54=0,0,Q54-P54+R54) -> 8999.6 | T54: =S54/P54 -> 0.21896837
B55: HMM | C55: 신한 | D55: =IF(OR($C55="신한",$C55="OTC",$C55="무상증자(신한)",$C55="토스",$C55="R토스"),1,"확인") -> 1 | E55: 2 | F55: 20900 | G55: 46007 | I55: 25100 | J55: 46084 | K55: =IF($C55="OTC",ROUNDDOWN($E55*$F55*0.000909187,-1),(IF($C55="신한",ROUNDDOWN($E55*$F55*0.000036396,-1),(IF($C55="토스",$E55*$F55*0.00015,(IF($C55="US",(IF($E55*$F55*0.0025>0.01,$E55*$F55*0.0025,0.01)),IF($C55="JP",(IF($E55*$F55*0.0025>1000,$E55*$F55*0.0025,1000)),(IF($C55="R토스",0,IF($C55="무상증자(신한)",0,""))))))))))) -> 0 | L55: =IF($C55="OTC",ROUNDDOWN($I55*$E55*0.000909187,-1),(IF($C55="신한",ROUNDDOWN($I55*$E55*0.000036396,-1),(IF($C55="토스",$I55*$E55*0.00015,(IF($C55="US",(IF($I55*$E55*0.0025>0.01,$I55*$E55*0.0025,0.01)),(IF($C55="JP",(IF($I55*$E55*0.0025>1000,$I55*$E55*0.0025,1000)),(IF($C55="R토스",$I55*$E55*0.00015,(IF($C55="무상증자(신한)",ROUNDDOWN($I55*$E55*0.000036396,-1),""))))))))))))) -> 0 | M55: =Q55*0.002 -> 100.4 | O55: =J55-G55+1 -> 78 | P55: =$E55*$F55*$D55 -> 41800 | Q55: =$E55*$I55*$D55 -> 50200 | R55: =($N55-$K55-$L55-$M55)*$D55 -> -100.4 | S55: =IF(Q55=0,0,Q55-P55+R55) -> 8299.6 | T55: =S55/P55 -> 0.19855502
... B64: HMM | C64: 신한 | D64: =IF(OR($C64="신한",$C64="OTC",$C64="무상증자(신한)",$C64="토스",$C64="R토스"),1,"확인") -> 1 | E64: 2 | F64: 23000 | G64: 46077 | I64: 25100 | J64: 46084 | K64: =IF($C64="OTC",ROUNDDOWN($E64*$F64*0.000909187,-1),(IF($C64="신한",ROUNDDOWN($E64*$F64*0.000036396,-1),(IF($C64="토스",$E64*$F64*0.00015,(IF($C64="US",(IF($E64*$F64*0.0025>0.01,$E64*$F64*0.0025,0.01)),IF($C64="JP",(IF($E64*$F64*0.0025>1000,$E64*$F64*0.0025,1000)),(IF($C64="R토스",0,IF($C64="무상증자(신한)",0,""))))))))))) -> 0 | L64: =IF($C64="OTC",ROUNDDOWN($I64*$E64*0.000909187,-1),(IF($C64="신한",ROUNDDOWN($I64*$E64*0.000036396,-1),(IF($C64="토스",$I64*$E64*0.00015,(IF($C64="US",(IF($I64*$E64*0.0025>0.01,$I64*$E64*0.0025,0.01)),(IF($C64="JP",(IF($I64*$E64*0.0025>1000,$I64*$E64*0.0025,1000)),(IF($C64="R토스",$I64*$E64*0.00015,(IF($C64="무상증자(신한)",ROUNDDOWN($I64*$E64*0.000036396,-1),""))))))))))))) -> 0 | M64: =Q64*0.002 -> 100.4 | O64: =J64-G64+1 -> 8 | P64: =$E64*$F64*$D64 -> 46000 | Q64: =$E64*$I64*$D64 -> 50200 | R64: =($N64-$K64-$L64-$M64)*$D64 -> -100.4 | S64: =IF(Q64=0,0,Q64-P64+R64) -> 4099.6 | T64: =S64/P64 -> 0.089121739
B65: JYP ent | C65: 신한 | D65: =IF(OR($C65="신한",$C65="OTC",$C65="무상증자(신한)",$C65="토스",$C65="R토스"),1,"확인") -> 1 | E65: 150 | F65: 27500 | G65: 44020 | I65: 28700 | J65: 44022 | K65: =IF($C65="OTC",ROUNDDOWN($E65*$F65*0.000909187,-1),(IF($C65="신한",ROUNDDOWN($E65*$F65*0.000036396,-1),(IF($C65="토스",$E65*$F65*0.00015,(IF($C65="US",(IF($E65*$F65*0.0025>0.01,$E65*$F65*0.0025,0.01)),IF($C65="JP",(IF($E65*$F65*0.0025>1000,$E65*$F65*0.0025,1000)),(IF($C65="R토스",0,IF($C65="무상증자(신한)",0,""))))))))))) -> 150 | L65: =IF($C65="OTC",ROUNDDOWN($I65*$E65*0.000909187,-1),(IF($C65="신한",ROUNDDOWN($I65*$E65*0.000036396,-1),(IF($C65="토스",$I65*$E65*0.00015,(IF($C65="US",(IF($I65*$E65*0.0025>0.01,$I65*$E65*0.0025,0.01)),(IF($C65="JP",(IF($I65*$E65*0.0025>1000,$I65*$E65*0.0025,1000)),(IF($C65="R토스",$I65*$E65*0.00015,(IF($C65="무상증자(신한)",ROUNDDOWN($I65*$E65*0.000036396,-1),""))))))))))))) -> 150 | M65: =Q65*0.0025 -> 10762.5 | O65: =J65-G65+1 -> 3 | P65: =$E65*$F65*$D65 -> 4125000 | Q65: =$E65*$I65*$D65 -> 4305000 | R65: =($N65-$K65-$L65-$M65)*$D65 -> -11062.5 | S65: =IF(Q65=0,0,Q65-P65+R65) -> 168937.5 | T65: =S65/P65 -> 0.040954545 | X65: =E65*I65*0.0000221 -> 95.1405 | Y65: =ROUNDUP(E65*I65*0.000021,2) -> 90.41
B66: JYP ent | C66: 신한 | D66: =IF(OR($C66="신한",$C66="OTC",$C66="무상증자(신한)",$C66="토스",$C66="R토스"),1,"확인") -> 1 | E66: 190 | F66: 30900 | G66: 44034 | I66: 32200 | J66: 44034 | K66: =IF($C66="OTC",ROUNDDOWN($E66*$F66*0.000909187,-1),(IF($C66="신한",ROUNDDOWN($E66*$F66*0.000036396,-1),(IF($C66="토스",$E66*$F66*0.00015,(IF($C66="US",(IF($E66*$F66*0.0025>0.01,$E66*$F66*0.0025,0.01)),IF($C66="JP",(IF($E66*$F66*0.0025>1000,$E66*$F66*0.0025,1000)),(IF($C66="R토스",0,IF($C66="무상증자(신한)",0,""))))))))))) -> 210 | L66: =IF($C66="OTC",ROUNDDOWN($I66*$E66*0.000909187,-1),(IF($C66="신한",ROUNDDOWN($I66*$E66*0.000036396,-1),(IF($C66="토스",$I66*$E66*0.00015,(IF($C66="US",(IF($I66*$E66*0.0025>0.01,$I66*$E66*0.0025,0.01)),(IF($C66="JP",(IF($I66*$E66*0.0025>1000,$I66*$E66*0.0025,1000)),(IF($C66="R토스",$I66*$E66*0.00015,(IF($C66="무상증자(신한)",ROUNDDOWN($I66*$E66*0.000036396,-1),""))))))))))))) -> 220 | M66: =Q66*0.0025 -> 15295 | O66: =J66-G66+1 -> 1 | P66: =$E66*$F66*$D66 -> 5871000 | Q66: =$E66*$I66*$D66 -> 6118000 | R66: =($N66-$K66-$L66-$M66)*$D66 -> -15725 | S66: =IF(Q66=0,0,Q66-P66+R66) -> 231275 | T66: =S66/P66 -> 0.039392778 | X66: =E66*I66*0.0000221 -> 135.2078 | Y66: =ROUNDUP(E66*I66*0.000021,2) -> 128.48
B67: JYP ent | C67: 신한 | D67: =IF(OR($C67="신한",$C67="OTC",$C67="무상증자(신한)",$C67="토스",$C67="R토스"),1,"확인") -> 1 | E67: 328 | F67: 30950 | G67: 44039 | I67: 32500 | J67: 44048 | K67: =IF($C67="OTC",ROUNDDOWN($E67*$F67*0.000909187,-1),(IF($C67="신한",ROUNDDOWN($E67*$F67*0.000036396,-1),(IF($C67="토스",$E67*$F67*0.00015,(IF($C67="US",(IF($E67*$F67*0.0025>0.01,$E67*$F67*0.0025,0.01)),IF($C67="JP",(IF($E67*$F67*0.0025>1000,$E67*$F67*0.0025,1000)),(IF($C67="R토스",0,IF($C67="무상증자(신한)",0,""))))))))))) -> 360 | L67: =IF($C67="OTC",ROUNDDOWN($I67*$E67*0.000909187,-1),(IF($C67="신한",ROUNDDOWN($I67*$E67*0.000036396,-1),(IF($C67="토스",$I67*$E67*0.00015,(IF($C67="US",(IF($I67*$E67*0.0025>0.01,$I67*$E67*0.0025,0.01)),(IF($C67="JP",(IF($I67*$E67*0.0025>1000,$I67*$E67*0.0025,1000)),(IF($C67="R토스",$I67*$E67*0.00015,(IF($C67="무상증자(신한)",ROUNDDOWN($I67*$E67*0.000036396,-1),""))))))))))))) -> 380 | M67: =Q67*0.0025 -> 26650 | O67: =J67-G67+1 -> 10 | P67: =$E67*$F67*$D67 -> 10151600 | Q67: =$E67*$I67*$D67 -> 10660000 | R67: =($N67-$K67-$L67-$M67)*$D67 -> -27390 | S67: =IF(Q67=0,0,Q67-P67+R67) -> 481010 | T67: =S67/P67 -> 0.047382679 | X67: =E67*I67*0.0000221 -> 235.586 | Y67: =ROUNDUP(E67*I67*0.000021,2) -> 223.86
B68: KB금융 | C68: 미래에셋 | E68: 10 | F68: 31900 | G68: 39757 | I68: 35100 | J68: 39758 | K68: 90 | L68: 100 | O68: =J68-G68+1 -> 2 | P68: =F68*E68 -> 319000 | Q68: =I68*E68 -> 351000 | R68: =N68-K68-L68-M68 -> -190 | S68: =IF(Q68=0,0,Q68-P68+R68) -> 31810 | T68: =S68/P68 -> 0.099717868 | U68: =T68*365/O68 -> 18.198511 | X68: =E68*I68*0.0000221 -> 7.7571
B69: KB금융 | C69: 미래에셋 | E69: 10 | F69: 32600 | G69: 39765 | I69: 34150 | J69: 39771 | K69: 90 | L69: 90 | O69: =J69-G69+1 -> 7 | P69: =F69*E69 -> 326000 | Q69: =I69*E69 -> 341500 | R69: =N69-K69-L69-M69 -> -180 | S69: =IF(Q69=0,0,Q69-P69+R69) -> 15320 | T69: =S69/P69 -> 0.046993865 | U69: =T69*365/O69 -> 2.4503944 | X69: =E69*I69*0.0000221 -> 7.54715
B70: KB금융 | C70: 미래에셋 | E70: 10 | F70: 28500 | G70: 39876 | I70: 31800 | J70: 39885 | K70: 80 | L70: 90 | O70: =J70-G70+1 -> 10 | P70: =F70*E70 -> 285000 | Q70: =I70*E70 -> 318000 | R70: =N70-K70-L70-M70 -> -170 | S70: =IF(Q70=0,0,Q70-P70+R70) -> 32830 | T70: =S70/P70 -> 0.11519298 | U70: =T70*365/O70 -> 4.2045439 | X70: =E70*I70*0.0000221 -> 7.0278
B71: Kindex 베트남VN30 | C71: 한화 | E71: 70 | F71: 15730 | G71: 43132 | I71: 15690 | J71: 43165 | K71: =ROUNDDOWN(E71*F71*0.0015,-1) -> 1650 | L71: =ROUNDDOWN(I71*E71*0.0015,-1) -> 1640 | M71: =I71*E71*0.003 -> 3294.9 | O71: =J71-G71+1 -> 34 | P71: =F71*E71 -> 1101100 | Q71: =I71*E71 -> 1098300 | R71: =N71-K71-L71-M71 -> -6584.9 | S71: =IF(Q71=0,0,Q71-P71+R71) -> -9384.9 | T71: =S71/P71 -> -0.0085232041 | U71: =T71*365/O71 -> -0.091499103
B72: Kindex 베트남VN30 | C72: 한화 | E72: 50 | F72: 12995 | G72: 43250 | I72: 13350 | J72: 43255 | K72: =ROUNDDOWN(E72*F72*0.0015,-1) -> 970 | L72: =ROUNDDOWN(I72*E72*0.0015,-1) -> 1000 | M72: =I72*E72*0.003 -> 2002.5 | O72: =J72-G72+1 -> 6 | P72: =F72*E72 -> 649750 | Q72: =I72*E72 -> 667500 | R72: =N72-K72-L72-M72 -> -3972.5 | S72: =IF(Q72=0,0,Q72-P72+R72) -> 13777.5 | T72: =S72/P72 -> 0.021204309 | U72: =T72*365/O72 -> 1.2899288
B73: Kodex K방산Top10레버리지 | C73: 신한 | D73: =IF(OR($C73="신한",$C73="OTC",$C73="무상증자(신한)",$C73="토스",$C73="R토스"),1,"확인") -> 1 | E73: 1000 | F73: 7875 | G73: 46000 | I73: 8375 | J73: 46014 | K73: =IF($C73="OTC",ROUNDDOWN($E73*$F73*0.000909187,-1),(IF($C73="신한",ROUNDDOWN($E73*$F73*0.000036396,-1),(IF($C73="토스",$E73*$F73*0.00015,(IF($C73="US",(IF($E73*$F73*0.0025>0.01,$E73*$F73*0.0025,0.01)),IF($C73="JP",(IF($E73*$F73*0.0025>1000,$E73*$F73*0.0025,1000)),(IF($C73="R토스",0,IF($C73="무상증자(신한)",0,""))))))))))) -> 280 | L73: =IF($C73="OTC",ROUNDDOWN($I73*$E73*0.000909187,-1),(IF($C73="신한",ROUNDDOWN($I73*$E73*0.000036396,-1),(IF($C73="토스",$I73*$E73*0.00015,(IF($C73="US",(IF($I73*$E73*0.0025>0.01,$I73*$E73*0.0025,0.01)),(IF($C73="JP",(IF($I73*$E73*0.0025>1000,$I73*$E73*0.0025,1000)),(IF($C73="R토스",$I73*$E73*0.00015,(IF($C73="무상증자(신한)",ROUNDDOWN($I73*$E73*0.000036396,-1),""))))))))))))) -> 300 | M73: =Q73*0.0015 -> 12562.5 | O73: =J73-G73+1 -> 15 | P73: =$E73*$F73*$D73 -> 7875000 | Q73: =$E73*$I73*$D73 -> 8375000 | R73: =($N73-$K73-$L73-$M73)*$D73 -> -13142.5 | S73: =IF(Q73=0,0,Q73-P73+R73) -> 486857.5 | T73: =S73/P73 -> 0.061823175
B74: Kodex K방산Top10레버리지 | C74: 신한 | D74: =IF(OR($C74="신한",$C74="OTC",$C74="무상증자(신한)",$C74="토스",$C74="R토스"),1,"확인") -> 1 | E74: 1000 | F74: 8000 | G74: 46015 | I74: 8400 | J74: 46020 | K74: =IF($C74="OTC",ROUNDDOWN($E74*$F74*0.000909187,-1),(IF($C74="신한",ROUNDDOWN($E74*$F74*0.000036396,-1),(IF($C74="토스",$E74*$F74*0.00015,(IF($C74="US",(IF($E74*$F74*0.0025>0.01,$E74*$F74*0.0025,0.01)),IF($C74="JP",(IF($E74*$F74*0.0025>1000,$E74*$F74*0.0025,1000)),(IF($C74="R토스",0,IF($C74="무상증자(신한)",0,""))))))))))) -> 290 | L74: =IF($C74="OTC",ROUNDDOWN($I74*$E74*0.000909187,-1),(IF($C74="신한",ROUNDDOWN($I74*$E74*0.000036396,-1),(IF($C74="토스",$I74*$E74*0.00015,(IF($C74="US",(IF($I74*$E74*0.0025>0.01,$I74*$E74*0.0025,0.01)),(IF($C74="JP",(IF($I74*$E74*0.0025>1000,$I74*$E74*0.0025,1000)),(IF($C74="R토스",$I74*$E74*0.00015,(IF($C74="무상증자(신한)",ROUNDDOWN($I74*$E74*0.000036396,-1),""))))))))))))) -> 300 | M74: =Q74*0.0015 -> 12600 | O74: =J74-G74+1 -> 6 | P74: =$E74*$F74*$D74 -> 8000000 | Q74: =$E74*$I74*$D74 -> 8400000 | R74: =($N74-$K74-$L74-$M74)*$D74 -> -13190 | S74: =IF(Q74=0,0,Q74-P74+R74) -> 386810 | T74: =S74/P74 -> 0.04835125
B75: KODEX 심천ChiNext(합성) | C75: 한화 | E75: 100 | F75: 9950 | G75: 42716 | I75: 8010 | J75: 43164 | K75: =ROUNDDOWN(E75*F75*0.0015,-1) -> 1490 | L75: =ROUNDDOWN(I75*E75*0.0015,-1) -> 1200 | M75: =I75*E75*0.003 -> 2403 | O75: =J75-G75+1 -> 449 | P75: =F75*E75 -> 995000 | Q75: =I75*E75 -> 801000 | R75: =N75-K75-L75-M75 -> -5093 | S75: =IF(Q75=0,0,Q75-P75+R75) -> -199093 | T75: =S75/P75 -> -0.20009347 | U75: =T75*365/O75 -> -0.1626595
B76: KODEX 심천ChiNext(합성) | C76: 한화 | E76: 110 | F76: 8600 | G76: 43045 | I76: 8010 | J76: 43164 | K76: =ROUNDDOWN(E76*F76*0.0015,-1) -> 1410 | L76: =ROUNDDOWN(I76*E76*0.0015,-1) -> 1320 | M76: =I76*E76*0.003 -> 2643.3 | O76: =J76-G76+1 -> 120 | P76: =F76*E76 -> 946000 | Q76: =I76*E76 -> 881100 | R76: =N76-K76-L76-M76 -> -5373.3 | S76: =IF(Q76=0,0,Q76-P76+R76) -> -70273.3 | T76: =S76/P76 -> -0.074284672 | U76: =T76*365/O76 -> -0.22594921
B77: KODEX 심천ChiNext(합성) | C77: 한화 | E77: 100 | F77: 7850 | G77: 43077 | I77: 8010 | J77: 43164 | K77: =ROUNDDOWN(E77*F77*0.0015,-1) -> 1170 | L77: =ROUNDDOWN(I77*E77*0.0015,-1) -> 1200 | M77: =I77*E77*0.003 -> 2403 | O77: =J77-G77+1 -> 88 | P77: =F77*E77 -> 785000 | Q77: =I77*E77 -> 801000 | R77: =N77-K77-L77-M77 -> -4773 | S77: =IF(Q77=0,0,Q77-P77+R77) -> 11227 | T77: =S77/P77 -> 0.014301911 | U77: =T77*365/O77 -> 0.059320426
B78: KODEX 심천ChiNext(합성) | C78: 한화 | E78: 10 | F78: 7790 | G78: 43102 | I78: 8010 | J78: 43164 | K78: =ROUNDDOWN(E78*F78*0.0015,-1) -> 110 | L78: =ROUNDDOWN(I78*E78*0.0015,-1) -> 120 | M78: =I78*E78*0.003 -> 240.3 | O78: =J78-G78+1 -> 63 | P78: =F78*E78 -> 77900 | Q78: =I78*E78 -> 80100 | R78: =N78-K78-L78-M78 -> -470.3 | S78: =IF(Q78=0,0,Q78-P78+R78) -> 1729.7 | T78: =S78/P78 -> 0.022204108 | U78: =T78*365/O78 -> 0.12864285
B79: KODEX 심천ChiNext(합성) | C79: 한화 | E79: 100 | F79: 8130 | G79: 43250 | I79: 8600 | J79: 43850 | K79: =ROUNDDOWN(E79*F79*0.0015,-1) -> 1210 | L79: =ROUNDDOWN(I79*E79*0.0015,-1) -> 1290 | M79: =ROUNDDOWN(I79*E79*0.0025, ) -> 2150 | O79: =J79-G79+1 -> 601 | P79: =F79*E79 -> 813000 | Q79: =I79*E79 -> 860000 | R79: =N79-K79-L79-M79 -> -4650 | S79: =IF(Q79=0,0,Q79-P79+R79) -> 42350 | T79: =S79/P79 -> 0.052091021 | U79: =T79*365/O79 -> 0.031635978
B80: KODEX 심천ChiNext(합성) | C80: 한화 | E80: 100 | F80: 7470 | G80: 43532 | I80: 8600 | J80: 43850 | K80: =ROUNDDOWN(E80*F80*0.0015,-1) -> 1120 | L80: =ROUNDDOWN(I80*E80*0.0015,-1) -> 1290 | M80: =ROUNDDOWN(I80*E80*0.0025, ) -> 2150 | O80: =J80-G80+1 -> 319 | P80: =F80*E80 -> 747000 | Q80: =I80*E80 -> 860000 | R80: =N80-K80-L80-M80 -> -4560 | S80: =IF(Q80=0,0,Q80-P80+R80) -> 108440 | T80: =S80/P80 -> 0.14516734 | U80: =T80*365/O80 -> 0.16610056
B81: KODEX 운송 | C81: 한화 | E81: 300 | F81: 3070 | G81: 43033 | I81: 3155 | J81: 43133 | K81: =ROUNDDOWN(E81*F81*0.0015,-1) -> 1380 | L81: =ROUNDDOWN(I81*E81*0.0015,-1) -> 1410 | M81: =I81*E81*0.003 -> 2839.5 | O81: =J81-G81+1 -> 101 | P81: =F81*E81 -> 921000 | Q81: =I81*E81 -> 946500 | R81: =N81-K81-L81-M81 -> -5629.5 | S81: =IF(Q81=0,0,Q81-P81+R81) -> 19870.5 | T81: =S81/P81 -> 0.021574919 | U81: =T81*365/O81 -> 0.077968765
B82: KODEX 운송 | C82: 한화 | E82: 200 | F82: 3160 | G82: 43040 | I82: 3155 | J82: 43133 | K82: =ROUNDDOWN(E82*F82*0.0015,-1) -> 940 | L82: =ROUNDDOWN(I82*E82*0.0015,-1) -> 940 | M82: =I82*E82*0.003 -> 1893 | O82: =J82-G82+1 -> 94 | P82: =F82*E82 -> 632000 | Q82: =I82*E82 -> 631000 | R82: =N82-K82-L82-M82 -> -3773 | S82: =IF(Q82=0,0,Q82-P82+R82) -> -4773 | T82: =S82/P82 -> -0.0075522152 | U82: =T82*365/O82 -> -0.029325091
B83: KODEX 운송 | C83: 한화 | E83: 300 | F83: 3150 | G83: 43042 | I83: 3155 | J83: 43133 | K83: =ROUNDDOWN(E83*F83*0.0015,-1) -> 1410 | L83: =ROUNDDOWN(I83*E83*0.0015,-1) -> 1410 | M83: =I83*E83*0.003 -> 2839.5 | O83: =J83-G83+1 -> 92 | P83: =F83*E83 -> 945000 | Q83: =I83*E83 -> 946500 | R83: =N83-K83-L83-M83 -> -5659.5 | S83: =IF(Q83=0,0,Q83-P83+R83) -> -4159.5 | T83: =S83/P83 -> -0.0044015873 | U83: =T83*365/O83 -> -0.017462819
B84: KODEX 운송 | C84: 한화 | E84: 100 | F84: 3120 | G84: 43048 | I84: 3155 | J84: 43133 | K84: =ROUNDDOWN(E84*F84*0.0015,-1) -> 460 | L84: =ROUNDDOWN(I84*E84*0.0015,-1) -> 470 | M84: =I84*E84*0.003 -> 946.5 | O84: =J84-G84+1 -> 86 | P84: =F84*E84 -> 312000 | Q84: =I84*E84 -> 315500 | R84: =N84-K84-L84-M84 -> -1876.5 | S84: =IF(Q84=0,0,Q84-P84+R84) -> 1623.5 | T84: =S84/P84 -> 0.0052035256 | U84: =T84*365/O84 -> 0.022084731
B85: KODEX 운송 | C85: 한화 | E85: 100 | F85: 2940 | G85: 43108 | I85: 3155 | J85: 43133 | K85: =ROUNDDOWN(E85*F85*0.0015,-1) -> 440 | L85: =ROUNDDOWN(I85*E85*0.0015,-1) -> 470 | M85: =I85*E85*0.003 -> 946.5 | O85: =J85-G85+1 -> 26 | P85: =F85*E85 -> 294000 | Q85: =I85*E85 -> 315500 | R85: =N85-K85-L85-M85 -> -1856.5 | S85: =IF(Q85=0,0,Q85-P85+R85) -> 19643.5 | T85: =S85/P85 -> 0.066814626 | U85: =T85*365/O85 -> 0.93797456
B86: KODEX은행 | C86: 한투 | E86: 10 | F86: 11450 | G86: 39244 | I86: 11655 | J86: 39274 | K86: =ROUNDDOWN(E86*F86*0.005,-1) -> 570 | L86: =ROUNDDOWN(I86*E86*0.005,-1) -> 580 | M86: =I86*E86*0.003 -> 349.65 | O86: =J86-G86+1 -> 31 | P86: =F86*E86 -> 114500 | Q86: =I86*E86 -> 116550 | R86: =N86-K86-L86-M86 -> -1499.65 | S86: =IF(Q86=0,0,Q86-P86+R86) -> 550.35 | T86: =S86/P86 -> 0.0048065502 | U86: =T86*365/O86 -> 0.056593253
B87: KTF | C87: 한투 | E87: 20 | F87: 30400 | G87: 39213 | I87: 31700 | J87: 39335 | K87: =ROUNDDOWN(E87*F87*0.005,-1) -> 3040 | L87: =ROUNDDOWN(I87*E87*0.005,-1) -> 3170 | M87: =I87*E87*0.003 -> 1902 | O87: =J87-G87+1 -> 123 | P87: =F87*E87 -> 608000 | Q87: =I87*E87 -> 634000 | R87: =N87-K87-L87-M87 -> -8112 | S87: =IF(Q87=0,0,Q87-P87+R87) -> 17888 | T87: =S87/P87 -> 0.029421053 | U87: =T87*365/O87 -> 0.087306376
B88: LG | C88: 미래에셋 | E88: 1 | F88: 59000 | G88: 39989 | I88: 67500 | J88: 40024 | K88: 10 | L88: 10 | O88: =J88-G88+1 -> 36 | P88: =F88*E88 -> 59000 | Q88: =I88*E88 -> 67500 | R88: =N88-K88-L88-M88 -> -20 | S88: =IF(Q88=0,0,Q88-P88+R88) -> 8480 | T88: =S88/P88 -> 0.14372881 | U88: =T88*365/O88 -> 1.4572505
B89: LG디스플레이 | C89: 미래에셋 | E89: 10 | F89: 42900 | G89: 39538 | I89: 48200 | J89: 39545 | K89: 120 | L89: 130 | O89: =J89-G89+1 -> 8 | P89: =F89*E89 -> 429000 | Q89: =I89*E89 -> 482000 | R89: =N89-K89-L89-M89 -> -250 | S89: =IF(Q89=0,0,Q89-P89+R89) -> 52750 | T89: =S89/P89 -> 0.12296037 | U89: =T89*365/O89 -> 5.610067
B90: LG디스플레이 | C90: 한화 | E90: 100 | F90: 21000 | G90: 43550 | I90: 12750 | J90: 44042 | K90: =ROUNDDOWN(E90*F90*0.0015,-1) -> 3150 | L90: =ROUNDDOWN(I90*E90*0.0015,-1) -> 1910 | M90: =ROUNDDOWN(I90*E90*0.0025, ) -> 3187 | O90: =J90-G90+1 -> 493 | P90: =F90*E90 -> 2100000 | Q90: =I90*E90 -> 1275000 | R90: =N90-K90-L90-M90 -> -8247 | S90: =IF(Q90=0,0,Q90-P90+R90) -> -833247 | T90: =S90/P90 -> -0.39678429 | U90: =T90*365/O90 -> -0.29376524
B91: LG씨엔에스 | C91: 신한 | D91: =IF(OR($C91="신한",$C91="OTC",$C91="무상증자(신한)",$C91="토스",$C91="R토스"),1,"확인") -> 1 | E91: 4 | F91: 61900 | G91: 45679 | I91: 61100 | J91: 45820 | K91: =IF($C91="OTC",ROUNDDOWN($E91*$F91*0.000909187,-1),(IF($C91="신한",ROUNDDOWN($E91*$F91*0.000036396,-1),(IF($C91="토스",$E91*$F91*0.00015,(IF($C91="US",(IF($E91*$F91*0.0025>0.01,$E91*$F91*0.0025,0.01)),IF($C91="JP",(IF($E91*$F91*0.0025>1000,$E91*$F91*0.0025,1000)),(IF($C91="R토스",0,IF($C91="무상증자(신한)",0,""))))))))))) -> 0 | L91: =IF($C91="OTC",ROUNDDOWN($I91*$E91*0.000909187,-1),(IF($C91="신한",ROUNDDOWN($I91*$E91*0.000036396,-1),(IF($C91="토스",$I91*$E91*0.00015,(IF($C91="US",(IF($I91*$E91*0.0025>0.01,$I91*$E91*0.0025,0.01)),(IF($C91="JP",(IF($I91*$E91*0.0025>1000,$I91*$E91*0.0025,1000)),(IF($C91="R토스",$I91*$E91*0.00015,(IF($C91="무상증자(신한)",ROUNDDOWN($I91*$E91*0.000036396,-1),""))))))))))))) -> 0 | M91: =Q91*0.0015 -> 366.6 | O91: =J91-G91+1 -> 142 | P91: =$E91*$F91*$D91 -> 247600 | Q91: =$E91*$I91*$D91 -> 244400 | R91: =($N91-$K91-$L91-$M91)*$D91 -> -366.6 | S91: =IF(Q91=0,0,Q91-P91+R91) -> -3566.6 | T91: =S91/P91 -> -0.014404685
B92: LG씨엔에스 | C92: 신한 | D92: =IF(OR($C92="신한",$C92="OTC",$C92="무상증자(신한)",$C92="토스",$C92="R토스"),1,"확인") -> 1 | E92: 2 | F92: 55200 | G92: 45699 | I92: 61100 | J92: 45820 | K92: =IF($C92="OTC",ROUNDDOWN($E92*$F92*0.000909187,-1),(IF($C92="신한",ROUNDDOWN($E92*$F92*0.000036396,-1),(IF($C92="토스",$E92*$F92*0.00015,(IF($C92="US",(IF($E92*$F92*0.0025>0.01,$E92*$F92*0.0025,0.01)),IF($C92="JP",(IF($E92*$F92*0.0025>1000,$E92*$F92*0.0025,1000)),(IF($C92="R토스",0,IF($C92="무상증자(신한)",0,""))))))))))) -> 0 | L92: =IF($C92="OTC",ROUNDDOWN($I92*$E92*0.000909187,-1),(IF($C92="신한",ROUNDDOWN($I92*$E92*0.000036396,-1),(IF($C92="토스",$I92*$E92*0.00015,(IF($C92="US",(IF($I92*$E92*0.0025>0.01,$I92*$E92*0.0025,0.01)),(IF($C92="JP",(IF($I92*$E92*0.0025>1000,$I92*$E92*0.0025,1000)),(IF($C92="R토스",$I92*$E92*0.00015,(IF($C92="무상증자(신한)",ROUNDDOWN($I92*$E92*0.000036396,-1),""))))))))))))) -> 0 | M92: =Q92*0.0015 -> 183.3 | O92: =J92-G92+1 -> 122 | P92: =$E92*$F92*$D92 -> 110400 | Q92: =$E92*$I92*$D92 -> 122200 | R92: =($N92-$K92-$L92-$M92)*$D92 -> -183.3 | S92: =IF(Q92=0,0,Q92-P92+R92) -> 11616.7 | T92: =S92/P92 -> 0.10522373
B93: LG씨엔에스 | C93: 신한 | D93: =IF(OR($C93="신한",$C93="OTC",$C93="무상증자(신한)",$C93="토스",$C93="R토스"),1,"확인") -> 1 | E93: 2 | F93: 51500 | G93: 45708 | I93: 61100 | J93: 45820 | K93: =IF($C93="OTC",ROUNDDOWN($E93*$F93*0.000909187,-1),(IF($C93="신한",ROUNDDOWN($E93*$F93*0.000036396,-1),(IF($C93="토스",$E93*$F93*0.00015,(IF($C93="US",(IF($E93*$F93*0.0025>0.01,$E93*$F93*0.0025,0.01)),IF($C93="JP",(IF($E93*$F93*0.0025>1000,$E93*$F93*0.0025,1000)),(IF($C93="R토스",0,IF($C93="무상증자(신한)",0,""))))))))))) -> 0 | L93: =IF($C93="OTC",ROUNDDOWN($I93*$E93*0.000909187,-1),(IF($C93="신한",ROUNDDOWN($I93*$E93*0.000036396,-1),(IF($C93="토스",$I93*$E93*0.00015,(IF($C93="US",(IF($I93*$E93*0.0025>0.01,$I93*$E93*0.0025,0.01)),(IF($C93="JP",(IF($I93*$E93*0.0025>1000,$I93*$E93*0.0025,1000)),(IF($C93="R토스",$I93*$E93*0.00015,(IF($C93="무상증자(신한)",ROUNDDOWN($I93*$E93*0.000036396,-1),""))))))))))))) -> 0 | M93: =Q93*0.0015 -> 183.3 | O93: =J93-G93+1 -> 113 | P93: =$E93*$F93*$D93 -> 103000 | Q93: =$E93*$I93*$D93 -> 122200 | R93: =($N93-$K93-$L93-$M93)*$D93 -> -183.3 | S93: =IF(Q93=0,0,Q93-P93+R93) -> 19016.7 | T93: =S93/P93 -> 0.18462816
B94: LG씨엔에스 | C94: 신한 | D94: =IF(OR($C94="신한",$C94="OTC",$C94="무상증자(신한)",$C94="토스",$C94="R토스"),1,"확인") -> 1 | E94: 2 | F94: 47000 | G94: 45720 | I94: 61100 | J94: 45820 | K94: =IF($C94="OTC",ROUNDDOWN($E94*$F94*0.000909187,-1),(IF($C94="신한",ROUNDDOWN($E94*$F94*0.000036396,-1),(IF($C94="토스",$E94*$F94*0.00015,(IF($C94="US",(IF($E94*$F94*0.0025>0.01,$E94*$F94*0.0025,0.01)),IF($C94="JP",(IF($E94*$F94*0.0025>1000,$E94*$F94*0.0025,1000)),(IF($C94="R토스",0,IF($C94="무상증자(신한)",0,""))))))))))) -> 0 | L94: =IF($C94="OTC",ROUNDDOWN($I94*$E94*0.000909187,-1),(IF($C94="신한",ROUNDDOWN($I94*$E94*0.000036396,-1),(IF($C94="토스",$I94*$E94*0.00015,(IF($C94="US",(IF($I94*$E94*0.0025>0.01,$I94*$E94*0.0025,0.01)),(IF($C94="JP",(IF($I94*$E94*0.0025>1000,$I94*$E94*0.0025,1000)),(IF($C94="R토스",$I94*$E94*0.00015,(IF($C94="무상증자(신한)",ROUNDDOWN($I94*$E94*0.000036396,-1),""))))))))))))) -> 0 | M94: =Q94*0.0015 -> 183.3 | O94: =J94-G94+1 -> 101 | P94: =$E94*$F94*$D94 -> 94000 | Q94: =$E94*$I94*$D94 -> 122200 | R94: =($N94-$K94-$L94-$M94)*$D94 -> -183.3 | S94: =IF(Q94=0,0,Q94-P94+R94) -> 28016.7 | T94: =S94/P94 -> 0.29805
B95: LG씨엔에스 | C95: 신한 | D95: =IF(OR($C95="신한",$C95="OTC",$C95="무상증자(신한)",$C95="토스",$C95="R토스"),1,"확인") -> 1 | E95: 2 | F95: 48900 | G95: 45750 | I95: 61100 | J95: 45820 | K95: =IF($C95="OTC",ROUNDDOWN($E95*$F95*0.000909187,-1),(IF($C95="신한",ROUNDDOWN($E95*$F95*0.000036396,-1),(IF($C95="토스",$E95*$F95*0.00015,(IF($C95="US",(IF($E95*$F95*0.0025>0.01,$E95*$F95*0.0025,0.01)),IF($C95="JP",(IF($E95*$F95*0.0025>1000,$E95*$F95*0.0025,1000)),(IF($C95="R토스",0,IF($C95="무상증자(신한)",0,""))))))))))) -> 0 | L95: =IF($C95="OTC",ROUNDDOWN($I95*$E95*0.000909187,-1),(IF($C95="신한",ROUNDDOWN($I95*$E95*0.000036396,-1),(IF($C95="토스",$I95*$E95*0.00015,(IF($C95="US",(IF($I95*$E95*0.0025>0.01,$I95*$E95*0.0025,0.01)),(IF($C95="JP",(IF($I95*$E95*0.0025>1000,$I95*$E95*0.0025,1000)),(IF($C95="R토스",$I95*$E95*0.00015,(IF($C95="무상증자(신한)",ROUNDDOWN($I95*$E95*0.000036396,-1),""))))))))))))) -> 0 | M95: =Q95*0.0015 -> 183.3 | O95: =J95-G95+1 -> 71 | P95: =$E95*$F95*$D95 -> 97800 | Q95: =$E95*$I95*$D95 -> 122200 | R95: =($N95-$K95-$L95-$M95)*$D95 -> -183.3 | S95: =IF(Q95=0,0,Q95-P95+R95) -> 24216.7 | T95: =S95/P95 -> 0.24761452
B96: LG씨엔에스 | C96: 신한 | D96: =IF(OR($C96="신한",$C96="OTC",$C96="무상증자(신한)",$C96="토스",$C96="R토스"),1,"확인") -> 1 | E96: 4 | F96: 48800 | G96: 45754 | I96: 61100 | J96: 45820 | K96: =IF($C96="OTC",ROUNDDOWN($E96*$F96*0.000909187,-1),(IF($C96="신한",ROUNDDOWN($E96*$F96*0.000036396,-1),(IF($C96="토스",$E96*$F96*0.00015,(IF($C96="US",(IF($E96*$F96*0.0025>0.01,$E96*$F96*0.0025,0.01)),IF($C96="JP",(IF($E96*$F96*0.0025>1000,$E96*$F96*0.0025,1000)),(IF($C96="R토스",0,IF($C96="무상증자(신한)",0,""))))))))))) -> 0 | L96: =IF($C96="OTC",ROUNDDOWN($I96*$E96*0.000909187,-1),(IF($C96="신한",ROUNDDOWN($I96*$E96*0.000036396,-1),(IF($C96="토스",$I96*$E96*0.00015,(IF($C96="US",(IF($I96*$E96*0.0025>0.01,$I96*$E96*0.0025,0.01)),(IF($C96="JP",(IF($I96*$E96*0.0025>1000,$I96*$E96*0.0025,1000)),(IF($C96="R토스",$I96*$E96*0.00015,(IF($C96="무상증자(신한)",ROUNDDOWN($I96*$E96*0.000036396,-1),""))))))))))))) -> 0 | M96: =Q96*0.0015 -> 366.6 | O96: =J96-G96+1 -> 67 | P96: =$E96*$F96*$D96 -> 195200 | Q96: =$E96*$I96*$D96 -> 244400 | R96: =($N96-$K96-$L96-$M96)*$D96 -> -366.6 | S96: =IF(Q96=0,0,Q96-P96+R96) -> 48833.4 | T96: =S96/P96 -> 0.25017111
B97: LG씨엔에스 | C97: 토스 | D97: =IF(OR($C97="신한",$C97="OTC",$C97="무상증자(신한)",$C97="토스",$C97="R토스"),1,"확인") -> 1 | E97: 6 | F97: 59000 | G97: 45820 | H97: 약관 | I97: 67400 | J97: 45824 | K97: =IF($C97="OTC",ROUNDDOWN($E97*$F97*0.000909187,-1),(IF($C97="신한",ROUNDDOWN($E97*$F97*0.000036396,-1),(IF($C97="토스",$E97*$F97*0.00015,(IF($C97="US",(IF($E97*$F97*0.0025>0.01,$E97*$F97*0.0025,0.01)),IF($C97="JP",(IF($E97*$F97*0.0025>1000,$E97*$F97*0.0025,1000)),(IF($C97="R토스",0,IF($C97="무상증자(신한)",0,""))))))))))) -> 53.1 | L97: =IF($C97="OTC",ROUNDDOWN($I97*$E97*0.000909187,-1),(IF($C97="신한",ROUNDDOWN($I97*$E97*0.000036396,-1),(IF($C97="토스",$I97*$E97*0.00015,(IF($C97="US",(IF($I97*$E97*0.0025>0.01,$I97*$E97*0.0025,0.01)),(IF($C97="JP",(IF($I97*$E97*0.0025>1000,$I97*$E97*0.0025,1000)),(IF($C97="R토스",$I97*$E97*0.00015,(IF($C97="무상증자(신한)",ROUNDDOWN($I97*$E97*0.000036396,-1),""))))))))))))) -> 60.66 | M97: =Q97*0.0015 -> 606.6 | O97: =J97-G97+1 -> 5 | P97: =$E97*$F97*$D97 -> 354000 | Q97: =$E97*$I97*$D97 -> 404400 | R97: =($N97-$K97-$L97-$M97)*$D97 -> -720.36 | S97: =IF(Q97=0,0,Q97-P97+R97) -> 49679.64 | T97: =S97/P97 -> 0.14033797 | V97: =+P97*0.05*O97/365 -> 242.46575
B98: LG씨엔에스 | C98: 토스 | D98: =IF(OR($C98="신한",$C98="OTC",$C98="무상증자(신한)",$C98="토스",$C98="R토스"),1,"확인") -> 1 | E98: 60 | F98: 65000 | G98: 45824 | H98: 약관 | I98: 67400 | J98: 45824 | K98: =IF($C98="OTC",ROUNDDOWN($E98*$F98*0.000909187,-1),(IF($C98="신한",ROUNDDOWN($E98*$F98*0.000036396,-1),(IF($C98="토스",$E98*$F98*0.00015,(IF($C98="US",(IF($E98*$F98*0.0025>0.01,$E98*$F98*0.0025,0.01)),IF($C98="JP",(IF($E98*$F98*0.0025>1000,$E98*$F98*0.0025,1000)),(IF($C98="R토스",0,IF($C98="무상증자(신한)",0,""))))))))))) -> 585 | L98: =IF($C98="OTC",ROUNDDOWN($I98*$E98*0.000909187,-1),(IF($C98="신한",ROUNDDOWN($I98*$E98*0.000036396,-1),(IF($C98="토스",$I98*$E98*0.00015,(IF($C98="US",(IF($I98*$E98*0.0025>0.01,$I98*$E98*0.0025,0.01)),(IF($C98="JP",(IF($I98*$E98*0.0025>1000,$I98*$E98*0.0025,1000)),(IF($C98="R토스",$I98*$E98*0.00015,(IF($C98="무상증자(신한)",ROUNDDOWN($I98*$E98*0.000036396,-1),""))))))))))))) -> 606.6 | M98: =Q98*0.0015 -> 6066 | O98: =J98-G98+1 -> 1 | P98: =$E98*$F98*$D98 -> 3900000 | Q98: =$E98*$I98*$D98 -> 4044000 | R98: =($N98-$K98-$L98-$M98)*$D98 -> -7257.6 | S98: =IF(Q98=0,0,Q98-P98+R98) -> 136742.4 | T98: =S98/P98 -> 0.035062154 | V98: =+P98*0.05*O98/365 -> 534.24658
B99: LG에너지솔루션 | C99: 신한 | D99: =IF(OR($C99="신한",$C99="OTC",$C99="무상증자(신한)",$C99="토스",$C99="R토스"),1,"확인") -> 1 | E99: 2 | F99: 300000 | G99: 44588 | I99: 510000 | J99: 44858 | K99: 0 | L99: =IF($C99="OTC",ROUNDDOWN($I99*$E99*0.000909187,-1),(IF($C99="신한",ROUNDDOWN($I99*$E99*0.000036396,-1),(IF($C99="토스",$I99*$E99*0.00015,(IF($C99="US",(IF($I99*$E99*0.0025>0.01,$I99*$E99*0.0025,0.01)),(IF($C99="JP",(IF($I99*$E99*0.0025>1000,$I99*$E99*0.0025,1000)),(IF($C99="R토스",$I99*$E99*0.00015,(IF($C99="무상증자(신한)",ROUNDDOWN($I99*$E99*0.000036396,-1),""))))))))))))) -> 30 | M99: =Q99*0.0023 -> 2346 | O99: =J99-G99+1 -> 271 | P99: =$E99*$F99*$D99 -> 600000 | Q99: =$E99*$I99*$D99 -> 1020000 | R99: =($N99-$K99-$L99-$M99)*$D99 -> -2376 | S99: =IF(Q99=0,0,Q99-P99+R99) -> 417624 | T99: =S99/P99 -> 0.69604
B100: LG이노텍 | C100: 한화 | E100: 15 | F100: 173500 | G100: 42989 | I100: 178000 | J100: 43038 | K100: =ROUNDDOWN(E100*F100*0.0015,-1) -> 3900 | L100: =ROUNDDOWN(I100*E100*0.0015,-1) -> 4000 | M100: =I100*E100*0.003 -> 8010 | O100: =J100-G100+1 -> 50 | P100: =F100*E100 -> 2602500 | Q100: =I100*E100 -> 2670000 | R100: =N100-K100-L100-M100 -> -15910 | S100: =IF(Q100=0,0,Q100-P100+R100) -> 51590 | T100: =S100/P100 -> 0.019823247 | U100: =T100*365/O100 -> 0.1447097
B101: LG이노텍 | C101: 한화 | E101: 5 | F101: 160000 | G101: 43028 | I101: 178000 | J101: 43038 | K101: =ROUNDDOWN(E101*F101*0.0015,-1) -> 1200 | L101: =ROUNDDOWN(I101*E101*0.0015,-1) -> 1330 | M101: =I101*E101*0.003 -> 2670 | O101: =J101-G101+1 -> 11 | P101: =F101*E101 -> 800000 | Q101: =I101*E101 -> 890000 | R101: =N101-K101-L101-M101 -> -5200 | S101: =IF(Q101=0,0,Q101-P101+R101) -> 84800 | T101: =S101/P101 -> 0.106 | U101: =T101*365/O101 -> 3.5172727
B102: LG전자 | C102: 한투 | E102: 2 | F102: 70700 | G102: 39234 | I102: 86000 | J102: 39357 | K102: =ROUNDDOWN(E102*F102*0.005,-1) -> 700 | L102: =ROUNDDOWN(I102*E102*0.005,-1) -> 860 | M102: =I102*E102*0.003 -> 516 | O102: =J102-G102+1 -> 124 | P102: =F102*E102 -> 141400 | Q102: =I102*E102 -> 172000 | R102: =N102-K102-L102-M102 -> -2076 | S102: =IF(Q102=0,0,Q102-P102+R102) -> 28524 | T102: =S102/P102 -> 0.2017256 | U102: =T102*365/O102 -> 0.59378907
B103: LG전자 | C103: 미래에셋 | E103: 30 | F103: 75500 | G103: 41243 | I103: 76600 | J103: 41246 | K103: =ROUNDDOWN(E103*F103*0.00015,-1) -> 330 | L103: =ROUNDDOWN(I103*E103*0.00015,-1) -> 340 | M103: =I103*E103*0.003 -> 6894 | O103: =J103-G103+1 -> 4 | P103: =F103*E103 -> 2265000 | Q103: =I103*E103 -> 2298000 | R103: =N103-K103-L103-M103 -> -7564 | S103: =IF(Q103=0,0,Q103-P103+R103) -> 25436 | T103: =S103/P103 -> 0.011230022 | U103: =T103*365/O103 -> 1.0247395
B104: LG전자 | C104: 미래에셋 | E104: 30 | F104: 75100 | G104: 41250 | I104: 79800 | J104: 41348 | K104: =ROUNDDOWN(E104*F104*0.00015,-1) -> 330 | L104: =ROUNDDOWN(I104*E104*0.00015,-1) -> 350 | M104: =I104*E104*0.003 -> 7182 | N104: 6000 | O104: =J104-G104+1 -> 99 | P104: =F104*E104 -> 2253000 | Q104: =I104*E104 -> 2394000 | R104: =N104-K104-L104-M104 -> -1862 | S104: =IF(Q104=0,0,Q104-P104+R104) -> 139138 | T104: =S104/P104 -> 0.061756769 | U104: =T104*365/O104 -> 0.2276891
B105: LG전자 | C105: 미래에셋 | E105: 50 | F105: 70400 | G105: 41451 | I105: 75500 | J105: 41502 | K105: =ROUNDDOWN(E105*F105*0.00015,-1) -> 520 | L105: =ROUNDDOWN(I105*E105*0.00015,-1) -> 560 | M105: =I105*E105*0.003 -> 11325 | O105: =J105-G105+1 -> 52 | P105: =F105*E105 -> 3520000 | Q105: =I105*E105 -> 3775000 | R105: =N105-K105-L105-M105 -> -12405 | S105: =IF(Q105=0,0,Q105-P105+R105) -> 242595 | T105: =S105/P105 -> 0.068919034 | U105: =T105*365/O105 -> 0.4837586
B106: LG전자 | C106: 미래에셋 | E106: 25 | F106: 68500 | G106: 41668 | I106: 72000 | J106: 41789 | K106: =ROUNDDOWN(E106*F106*0.00015,-1) -> 250 | L106: =ROUNDDOWN(I106*E106*0.00015,-1) -> 270 | M106: =I106*E106*0.003 -> 5400 | O106: =J106-G106+1 -> 122 | P106: =F106*E106 -> 1712500 | Q106: =I106*E106 -> 1800000 | R106: =N106-K106-L106-M106 -> -5920 | S106: =IF(Q106=0,0,Q106-P106+R106) -> 81580 | T106: =S106/P106 -> 0.047637956 | U106: =T106*365/O106 -> 0.14252339
B107: LG전자 | C107: 신한 | D107: =IF(OR($C107="신한",$C107="OTC",$C107="무상증자(신한)",$C107="토스",$C107="R토스"),1,"확인") -> 1 | E107: 18 | F107: 87100 | G107: 45630 | I107: 91500 | J107: 45644 | K107: =IF($C107="OTC",ROUNDDOWN($E107*$F107*0.000909187,-1),(IF($C107="신한",ROUNDDOWN($E107*$F107*0.000036396,-1),(IF($C107="토스",$E107*$F107*0.00015,(IF($C107="US",(IF($E107*$F107*0.0025>0.01,$E107*$F107*0.0025,0.01)),IF($C107="JP",(IF($E107*$F107*0.0025>1000,$E107*$F107*0.0025,1000)),(IF($C107="R토스",0,IF($C107="무상증자(신한)",0,""))))))))))) -> 50 | L107: =IF($C107="OTC",ROUNDDOWN($I107*$E107*0.000909187,-1),(IF($C107="신한",ROUNDDOWN($I107*$E107*0.000036396,-1),(IF($C107="토스",$I107*$E107*0.00015,(IF($C107="US",(IF($I107*$E107*0.0025>0.01,$I107*$E107*0.0025,0.01)),(IF($C107="JP",(IF($I107*$E107*0.0025>1000,$I107*$E107*0.0025,1000)),(IF($C107="R토스",$I107*$E107*0.00015,(IF($C107="무상증자(신한)",ROUNDDOWN($I107*$E107*0.000036396,-1),""))))))))))))) -> 50 | M107: =Q107*0.0018 -> 2964.6 | O107: =J107-G107+1 -> 15 | P107: =$E107*$F107*$D107 -> 1567800 | Q107: =$E107*$I107*$D107 -> 1647000 | R107: =($N107-$K107-$L107-$M107)*$D107 -> -3064.6 | S107: =IF(Q107=0,0,Q107-P107+R107) -> 76135.4 | T107: =S107/P107 -> 0.048561934
B108: LG전자 | C108: 신한 | D108: =IF(OR($C108="신한",$C108="OTC",$C108="무상증자(신한)",$C108="토스",$C108="R토스"),1,"확인") -> 1 | E108: 15 | F108: 86613 | G108: 45631 | I108: 91500 | J108: 45644 | K108: =IF($C108="OTC",ROUNDDOWN($E108*$F108*0.000909187,-1),(IF($C108="신한",ROUNDDOWN($E108*$F108*0.000036396,-1),(IF($C108="토스",$E108*$F108*0.00015,(IF($C108="US",(IF($E108*$F108*0.0025>0.01,$E108*$F108*0.0025,0.01)),IF($C108="JP",(IF($E108*$F108*0.0025>1000,$E108*$F108*0.0025,1000)),(IF($C108="R토스",0,IF($C108="무상증자(신한)",0,""))))))))))) -> 40 | L108: =IF($C108="OTC",ROUNDDOWN($I108*$E108*0.000909187,-1),(IF($C108="신한",ROUNDDOWN($I108*$E108*0.000036396,-1),(IF($C108="토스",$I108*$E108*0.00015,(IF($C108="US",(IF($I108*$E108*0.0025>0.01,$I108*$E108*0.0025,0.01)),(IF($C108="JP",(IF($I108*$E108*0.0025>1000,$I108*$E108*0.0025,1000)),(IF($C108="R토스",$I108*$E108*0.00015,(IF($C108="무상증자(신한)",ROUNDDOWN($I108*$E108*0.000036396,-1),""))))))))))))) -> 40 | M108: =Q108*0.0018 -> 2470.5 | O108: =J108-G108+1 -> 14 | P108: =$E108*$F108*$D108 -> 1299195 | Q108: =$E108*$I108*$D108 -> 1372500 | R108: =($N108-$K108-$L108-$M108)*$D108 -> -2550.5 | S108: =IF(Q108=0,0,Q108-P108+R108) -> 70754.5 | T108: =S108/P108 -> 0.054460262
...

Sheet ING
E1: 45820 | F1: =SUMIFS(P8:P82,G8:G82,E1,H8:H82,"약관") -> 0 | H1: =SUMIF(H4:H891,"약관",P4:P891) -> 27436650 | K1: 토스증권 매수/매도 수수료 0.015% / 거래세 24년 0.18% 25년 0.15%
K2: 신한 매수 매도 수수료는 0.003639% (K-OTC는 0.0909187%, ETF 등 0.0042087%)/ 매도시 거래세는 0.15% /일본주식 거래수수료 0.25% 최소 1,000엔 /미국주식 거래수수료 0.25% 최소 $0.01 +매도 시 SEC Fee 매도액x $0.000013
B3: 종목명 | C3: 거래 유형 | D3: 적용환율 | E3: 수량 | F3: 매수단가 | G3: 매수일자 | H3: 비고 | I3: 매도단가 | J3: 매도일자 | K3: 매수수수료 | L3: 매도수수료 | M3: 매도제세금 | N3: 배당금 | O3: 보유일수 | P3: 매수총액 | Q3: 매도총액 | R3: 기타금액 | S3: 거래손익 | T3: 수익률
K4: =IF($C4="OTC",ROUNDDOWN($E4*$F4*0.000909187,-1),(IF($C4="신한",ROUNDDOWN($E4*$F4*0.000036396,-1),(IF($C4="토스",$E4*$F4*0.00015,(IF($C4="US",(IF($E4*$F4*0.0025>0.01,$E4*$F4*0.0025,0.01)),IF($C4="JP",(IF($E4*$F4*0.0025>1000,$E4*$F4*0.0025,1000)),(IF($C4="R토스",0,IF($C4="무상증자(신한)",0,""))))))))))) | L4: =IF($C4="OTC",ROUNDDOWN($I4*$E4*0.000909187,-1),(IF($C4="신한",ROUNDDOWN($I4*$E4*0.000036396,-1),(IF($C4="토스",$I4*$E4*0.00015,(IF($C4="US",(IF($I4*$E4*0.0025>0.01,$I4*$E4*0.0025,0.01)),(IF($C4="JP",(IF($I4*$E4*0.0025>1000,$I4*$E4*0.0025,1000)),(IF($C4="R토스",$I4*$E4*0.00015,(IF($C4="무상증자(신한)",ROUNDDOWN($I4*$E4*0.000036396,-1),""))))))))))))) | M4: =Q4*0.002 -> 0 | N4: =236*E4 -> 0 | P4: =$E4*$F4*$D4 -> 0 | Q4: =$E4*$I4*$D4 -> 0 | R4: =($N4-$K4-$L4-$M4)*$D4 -> #VALUE! | S4: =IF(Q4=0,0,Q4-P4+R4) -> 0 | T4: =S4/P4 -> #DIV/0!
B5: Archer Aviation | C5: US | H5: 손절만회용(15만원)/매도11달러 | P5: =$E5*$F5*$D5 -> 0 | Q5: =$E5*$I5*$D5 -> 0 | R5: =($N5-$K5-$L5-$M5)*$D5 -> 0 | S5: =IF(Q5=0,0,Q5-P5+R5) -> 0 | T5: =S5/P5 -> #DIV/0!
B6: Cassava Science | C6: US | H6: 손절만회용(131만원)/매도3.7달러 | P6: =$E6*$F6*$D6 -> 0 | Q6: =$E6*$I6*$D6 -> 0 | R6: =($N6-$K6-$L6-$M6)*$D6 -> 0 | S6: =IF(Q6=0,0,Q6-P6+R6) -> 0 | T6: =S6/P6 -> #DIV/0!
B7: Intellia Therapeautics | C7: US | D7: =IF(OR($C7="신한",$C7="OTC",$C7="무상증자(신한)",$C7="토스",$C7="R토스"),1,"확인") -> 확인 | H7: 손절만회용(140만원)/매도18.8달러 | P7: =$E7*$F7*$D7 -> #VALUE! | Q7: =$E7*$I7*$D7 -> #VALUE! | R7: =($N7-$K7-$L7-$M7)*$D7 -> #VALUE! | S7: =IF(Q7=0,0,Q7-P7+R7) -> #VALUE! | T7: =S7/P7 -> #VALUE!
B8: LG씨엔에스 | C8: 토스 | D8: =IF(OR($C8="신한",$C8="OTC",$C8="무상증자(신한)",$C8="토스",$C8="R토스"),1,"확인") -> 1 | E8: 3 | F8: 66000 | G8: 45824 | H8: 약관 | I8: 67500 | J8: 46134 | K8: =IF($C8="OTC",ROUNDDOWN($E8*$F8*0.000909187,-1),(IF($C8="신한",ROUNDDOWN($E8*$F8*0.000036396,-1),(IF($C8="토스",$E8*$F8*0.00015,(IF($C8="US",(IF($E8*$F8*0.0025>0.01,$E8*$F8*0.0025,0.01)),IF($C8="JP",(IF($E8*$F8*0.0025>1000,$E8*$F8*0.0025,1000)),(IF($C8="R토스",0,IF($C8="무상증자(신한)",0,""))))))))))) -> 29.7 | L8: =IF($C8="OTC",ROUNDDOWN($I8*$E8*0.000909187,-1),(IF($C8="신한",ROUNDDOWN($I8*$E8*0.000036396,-1),(IF($C8="토스",$I8*$E8*0.00015,(IF($C8="US",(IF($I8*$E8*0.0025>0.01,$I8*$E8*0.0025,0.01)),(IF($C8="JP",(IF($I8*$E8*0.0025>1000,$I8*$E8*0.0025,1000)),(IF($C8="R토스",$I8*$E8*0.00015,(IF($C8="무상증자(신한)",ROUNDDOWN($I8*$E8*0.000036396,-1),""))))))))))))) -> 30.375 | M8: =Q8*0.002 -> 405 | N8: =750*E8+1100*E8*(1-0.154) -> 5041.8 | O8: =J8-G8+1 -> 311 | P8: =$E8*$F8*$D8 -> 198000 | Q8: =$E8*$I8*$D8 -> 202500 | R8: =($N8-$K8-$L8-$M8)*$D8 -> 4576.725 | S8: =IF(Q8=0,0,Q8-P8+R8) -> 9076.725 | T8: =S8/P8 -> 0.045842045 | U8: =IF(O8<0,0,P8*0.05*O8/365) -> 8435.3425
B9: LG씨엔에스 | C9: R토스 | D9: =IF(OR($C9="신한",$C9="OTC",$C9="무상증자(신한)",$C9="토스",$C9="R토스"),1,"확인") -> 1 | E9: 1 | F9: 65000 | G9: 46008 | I9: 67500 | J9: 46134 | K9: =IF($C9="OTC",ROUNDDOWN($E9*$F9*0.000909187,-1),(IF($C9="신한",ROUNDDOWN($E9*$F9*0.000036396,-1),(IF($C9="토스",$E9*$F9*0.00015,(IF($C9="US",(IF($E9*$F9*0.0025>0.01,$E9*$F9*0.0025,0.01)),IF($C9="JP",(IF($E9*$F9*0.0025>1000,$E9*$F9*0.0025,1000)),(IF($C9="R토스",0,IF($C9="무상증자(신한)",0,""))))))))))) -> 0 | L9: =IF($C9="OTC",ROUNDDOWN($I9*$E9*0.000909187,-1),(IF($C9="신한",ROUNDDOWN($I9*$E9*0.000036396,-1),(IF($C9="토스",$I9*$E9*0.00015,(IF($C9="US",(IF($I9*$E9*0.0025>0.01,$I9*$E9*0.0025,0.01)),(IF($C9="JP",(IF($I9*$E9*0.0025>1000,$I9*$E9*0.0025,1000)),(IF($C9="R토스",$I9*$E9*0.00015,(IF($C9="무상증자(신한)",ROUNDDOWN($I9*$E9*0.000036396,-1),""))))))))))))) -> 10.125 | M9: =Q9*0.002 -> 135 | N9: =E9*1100*(1-0.154) -> 930.6 | O9: =J9-G9+1 -> 127 | P9: =$E9*$F9*$D9 -> 65000 | Q9: =$E9*$I9*$D9 -> 67500 | R9: =($N9-$K9-$L9-$M9)*$D9 -> 785.475 | S9: =IF(Q9=0,0,Q9-P9+R9) -> 3285.475 | T9: =S9/P9 -> 0.050545769 | U9: =IF(O9<0,0,P9*0.05*O9/365) -> 1130.8219
B10: LG씨엔에스 | C10: R토스 | D10: =IF(OR($C10="신한",$C10="OTC",$C10="무상증자(신한)",$C10="토스",$C10="R토스"),1,"확인") -> 1 | E10: 1 | F10: 63000 | G10: 46015 | I10: 67500 | J10: 46134 | K10: =IF($C10="OTC",ROUNDDOWN($E10*$F10*0.000909187,-1),(IF($C10="신한",ROUNDDOWN($E10*$F10*0.000036396,-1),(IF($C10="토스",$E10*$F10*0.00015,(IF($C10="US",(IF($E10*$F10*0.0025>0.01,$E10*$F10*0.0025,0.01)),IF($C10="JP",(IF($E10*$F10*0.0025>1000,$E10*$F10*0.0025,1000)),(IF($C10="R토스",0,IF($C10="무상증자(신한)",0,""))))))))))) -> 0 | L10: =IF($C10="OTC",ROUNDDOWN($I10*$E10*0.000909187,-1),(IF($C10="신한",ROUNDDOWN($I10*$E10*0.000036396,-1),(IF($C10="토스",$I10*$E10*0.00015,(IF($C10="US",(IF($I10*$E10*0.0025>0.01,$I10*$E10*0.0025,0.01)),(IF($C10="JP",(IF($I10*$E10*0.0025>1000,$I10*$E10*0.0025,1000)),(IF($C10="R토스",$I10*$E10*0.00015,(IF($C10="무상증자(신한)",ROUNDDOWN($I10*$E10*0.000036396,-1),""))))))))))))) -> 10.125 | M10: =Q10*0.002 -> 135 | N10: =E10*1100*(1-0.154) -> 930.6 | O10: =J10-G10+1 -> 120 | P10: =$E10*$F10*$D10 -> 63000 | Q10: =$E10*$I10*$D10 -> 67500 | R10: =($N10-$K10-$L10-$M10)*$D10 -> 785.475 | S10: =IF(Q10=0,0,Q10-P10+R10) -> 5285.475 | T10: =S10/P10 -> 0.083896429 | U10: =IF(O10<0,0,P10*0.05*O10/365) -> 1035.6164
B11: LG씨엔에스 | C11: R토스 | D11: =IF(OR($C11="신한",$C11="OTC",$C11="무상증자(신한)",$C11="토스",$C11="R토스"),1,"확인") -> 1 | E11: 1 | F11: 60900 | G11: 46024 | I11: 67500 | J11: 46134 | K11: =IF($C11="OTC",ROUNDDOWN($E11*$F11*0.000909187,-1),(IF($C11="신한",ROUNDDOWN($E11*$F11*0.000036396,-1),(IF($C11="토스",$E11*$F11*0.00015,(IF($C11="US",(IF($E11*$F11*0.0025>0.01,$E11*$F11*0.0025,0.01)),IF($C11="JP",(IF($E11*$F11*0.0025>1000,$E11*$F11*0.0025,1000)),(IF($C11="R토스",0,IF($C11="무상증자(신한)",0,""))))))))))) -> 0 | L11: =IF($C11="OTC",ROUNDDOWN($I11*$E11*0.000909187,-1),(IF($C11="신한",ROUNDDOWN($I11*$E11*0.000036396,-1),(IF($C11="토스",$I11*$E11*0.00015,(IF($C11="US",(IF($I11*$E11*0.0025>0.01,$I11*$E11*0.0025,0.01)),(IF($C11="JP",(IF($I11*$E11*0.0025>1000,$I11*$E11*0.0025,1000)),(IF($C11="R토스",$I11*$E11*0.00015,(IF($C11="무상증자(신한)",ROUNDDOWN($I11*$E11*0.000036396,-1),""))))))))))))) -> 10.125 | M11: =Q11*0.002 -> 135 | N11: =E11*1100*(1-0.154) -> 930.6 | O11: =J11-G11+1 -> 111 | P11: =$E11*$F11*$D11 -> 60900 | Q11: =$E11*$I11*$D11 -> 67500 | R11: =($N11-$K11-$L11-$M11)*$D11 -> 785.475 | S11: =IF(Q11=0,0,Q11-P11+R11) -> 7385.475 | T11: =S11/P11 -> 0.12127217 | U11: =IF(O11<0,0,P11*0.05*O11/365) -> 926.0137
B12: LG씨엔에스 | C12: R토스 | D12: =IF(OR($C12="신한",$C12="OTC",$C12="무상증자(신한)",$C12="토스",$C12="R토스"),1,"확인") -> 1 | E12: 1 | F12: 62000 | G12: 46029 | I12: 67500 | J12: 46134 | K12: =IF($C12="OTC",ROUNDDOWN($E12*$F12*0.000909187,-1),(IF($C12="신한",ROUNDDOWN($E12*$F12*0.000036396,-1),(IF($C12="토스",$E12*$F12*0.00015,(IF($C12="US",(IF($E12*$F12*0.0025>0.01,$E12*$F12*0.0025,0.01)),IF($C12="JP",(IF($E12*$F12*0.0025>1000,$E12*$F12*0.0025,1000)),(IF($C12="R토스",0,IF($C12="무상증자(신한)",0,""))))))))))) -> 0 | L12: =IF($C12="OTC",ROUNDDOWN($I12*$E12*0.000909187,-1),(IF($C12="신한",ROUNDDOWN($I12*$E12*0.000036396,-1),(IF($C12="토스",$I12*$E12*0.00015,(IF($C12="US",(IF($I12*$E12*0.0025>0.01,$I12*$E12*0.0025,0.01)),(IF($C12="JP",(IF($I12*$E12*0.0025>1000,$I12*$E12*0.0025,1000)),(IF($C12="R토스",$I12*$E12*0.00015,(IF($C12="무상증자(신한)",ROUNDDOWN($I12*$E12*0.000036396,-1),""))))))))))))) -> 10.125 | M12: =Q12*0.002 -> 135 | N12: =E12*1100*(1-0.154) -> 930.6 | O12: =J12-G12+1 -> 106 | P12: =$E12*$F12*$D12 -> 62000 | Q12: =$E12*$I12*$D12 -> 67500 | R12: =($N12-$K12-$L12-$M12)*$D12 -> 785.475 | S12: =IF(Q12=0,0,Q12-P12+R12) -> 6285.475 | T12: =S12/P12 -> 0.10137863 | U12: =IF(O12<0,0,P12*0.05*O12/365) -> 900.27397
B13: LG씨엔에스 | C13: R토스 | D13: =IF(OR($C13="신한",$C13="OTC",$C13="무상증자(신한)",$C13="토스",$C13="R토스"),1,"확인") -> 1 | E13: 1 | F13: 62100 | G13: 46036 | I13: 67500 | J13: 46134 | K13: =IF($C13="OTC",ROUNDDOWN($E13*$F13*0.000909187,-1),(IF($C13="신한",ROUNDDOWN($E13*$F13*0.000036396,-1),(IF($C13="토스",$E13*$F13*0.00015,(IF($C13="US",(IF($E13*$F13*0.0025>0.01,$E13*$F13*0.0025,0.01)),IF($C13="JP",(IF($E13*$F13*0.0025>1000,$E13*$F13*0.0025,1000)),(IF($C13="R토스",0,IF($C13="무상증자(신한)",0,""))))))))))) -> 0 | L13: =IF($C13="OTC",ROUNDDOWN($I13*$E13*0.000909187,-1),(IF($C13="신한",ROUNDDOWN($I13*$E13*0.000036396,-1),(IF($C13="토스",$I13*$E13*0.00015,(IF($C13="US",(IF($I13*$E13*0.0025>0.01,$I13*$E13*0.0025,0.01)),(IF($C13="JP",(IF($I13*$E13*0.0025>1000,$I13*$E13*0.0025,1000)),(IF($C13="R토스",$I13*$E13*0.00015,(IF($C13="무상증자(신한)",ROUNDDOWN($I13*$E13*0.000036396,-1),""))))))))))))) -> 10.125 | M13: =Q13*0.002 -> 135 | N13: =E13*1100*(1-0.154) -> 930.6 | O13: =J13-G13+1 -> 99 | P13: =$E13*$F13*$D13 -> 62100 | Q13: =$E13*$I13*$D13 -> 67500 | R13: =($N13-$K13-$L13-$M13)*$D13 -> 785.475 | S13: =IF(Q13=0,0,Q13-P13+R13) -> 6185.475 | T13: =S13/P13 -> 0.099605072 | U13: =IF(O13<0,0,P13*0.05*O13/365) -> 842.17808
B14: LG씨엔에스 | C14: R토스 | D14: =IF(OR($C14="신한",$C14="OTC",$C14="무상증자(신한)",$C14="토스",$C14="R토스"),1,"확인") -> 1 | E14: 1 | F14: 68900 | G14: 46043 | I14: 67500 | J14: 46134 | K14: =IF($C14="OTC",ROUNDDOWN($E14*$F14*0.000909187,-1),(IF($C14="신한",ROUNDDOWN($E14*$F14*0.000036396,-1),(IF($C14="토스",$E14*$F14*0.00015,(IF($C14="US",(IF($E14*$F14*0.0025>0.01,$E14*$F14*0.0025,0.01)),IF($C14="JP",(IF($E14*$F14*0.0025>1000,$E14*$F14*0.0025,1000)),(IF($C14="R토스",0,IF($C14="무상증자(신한)",0,""))))))))))) -> 0 | L14: =IF($C14="OTC",ROUNDDOWN($I14*$E14*0.000909187,-1),(IF($C14="신한",ROUNDDOWN($I14*$E14*0.000036396,-1),(IF($C14="토스",$I14*$E14*0.00015,(IF($C14="US",(IF($I14*$E14*0.0025>0.01,$I14*$E14*0.0025,0.01)),(IF($C14="JP",(IF($I14*$E14*0.0025>1000,$I14*$E14*0.0025,1000)),(IF($C14="R토스",$I14*$E14*0.00015,(IF($C14="무상증자(신한)",ROUNDDOWN($I14*$E14*0.000036396,-1),""))))))))))))) -> 10.125 | M14: =Q14*0.002 -> 135 | N14: =E14*1100*(1-0.154) -> 930.6 | O14: =J14-G14+1 -> 92 | P14: =$E14*$F14*$D14 -> 68900 | Q14: =$E14*$I14*$D14 -> 67500 | R14: =($N14-$K14-$L14-$M14)*$D14 -> 785.475 | S14: =IF(Q14=0,0,Q14-P14+R14) -> -614.525 | T14: =S14/P14 -> -0.0089190856 | U14: =IF(O14<0,0,P14*0.05*O14/365) -> 868.32877
B15: LG씨엔에스 | C15: R토스 | D15: =IF(OR($C15="신한",$C15="OTC",$C15="무상증자(신한)",$C15="토스",$C15="R토스"),1,"확인") -> 1 | E15: 1 | F15: 69300 | G15: 46050 | I15: 67500 | J15: 46134 | K15: =IF($C15="OTC",ROUNDDOWN($E15*$F15*0.000909187,-1),(IF($C15="신한",ROUNDDOWN($E15*$F15*0.000036396,-1),(IF($C15="토스",$E15*$F15*0.00015,(IF($C15="US",(IF($E15*$F15*0.0025>0.01,$E15*$F15*0.0025,0.01)),IF($C15="JP",(IF($E15*$F15*0.0025>1000,$E15*$F15*0.0025,1000)),(IF($C15="R토스",0,IF($C15="무상증자(신한)",0,""))))))))))) -> 0 | L15: =IF($C15="OTC",ROUNDDOWN($I15*$E15*0.000909187,-1),(IF($C15="신한",ROUNDDOWN($I15*$E15*0.000036396,-1),(IF($C15="토스",$I15*$E15*0.00015,(IF($C15="US",(IF($I15*$E15*0.0025>0.01,$I15*$E15*0.0025,0.01)),(IF($C15="JP",(IF($I15*$E15*0.0025>1000,$I15*$E15*0.0025,1000)),(IF($C15="R토스",$I15*$E15*0.00015,(IF($C15="무상증자(신한)",ROUNDDOWN($I15*$E15*0.000036396,-1),""))))))))))))) -> 10.125 | M15: =Q15*0.002 -> 135 | N15: =E15*1100*(1-0.154) -> 930.6 | O15: =J15-G15+1 -> 85 | P15: =$E15*$F15*$D15 -> 69300 | Q15: =$E15*$I15*$D15 -> 67500 | R15: =($N15-$K15-$L15-$M15)*$D15 -> 785.475 | S15: =IF(Q15=0,0,Q15-P15+R15) -> -1014.525 | T15: =S15/P15 -> -0.01463961 | U15: =IF(O15<0,0,P15*0.05*O15/365) -> 806.91781
B16: LG씨엔에스 | C16: R토스 | D16: =IF(OR($C16="신한",$C16="OTC",$C16="무상증자(신한)",$C16="토스",$C16="R토스"),1,"확인") -> 1 | E16: 1 | F16: 70400 | G16: 46057 | I16: 67500 | J16: 46134 | K16: =IF($C16="OTC",ROUNDDOWN($E16*$F16*0.000909187,-1),(IF($C16="신한",ROUNDDOWN($E16*$F16*0.000036396,-1),(IF($C16="토스",$E16*$F16*0.00015,(IF($C16="US",(IF($E16*$F16*0.0025>0.01,$E16*$F16*0.0025,0.01)),IF($C16="JP",(IF($E16*$F16*0.0025>1000,$E16*$F16*0.0025,1000)),(IF($C16="R토스",0,IF($C16="무상증자(신한)",0,""))))))))))) -> 0 | L16: =IF($C16="OTC",ROUNDDOWN($I16*$E16*0.000909187,-1),(IF($C16="신한",ROUNDDOWN($I16*$E16*0.000036396,-1),(IF($C16="토스",$I16*$E16*0.00015,(IF($C16="US",(IF($I16*$E16*0.0025>0.01,$I16*$E16*0.0025,0.01)),(IF($C16="JP",(IF($I16*$E16*0.0025>1000,$I16*$E16*0.0025,1000)),(IF($C16="R토스",$I16*$E16*0.00015,(IF($C16="무상증자(신한)",ROUNDDOWN($I16*$E16*0.000036396,-1),""))))))))))))) -> 10.125 | M16: =Q16*0.002 -> 135 | N16: =E16*1100*(1-0.154) -> 930.6 | O16: =J16-G16+1 -> 78 | P16: =$E16*$F16*$D16 -> 70400 | Q16: =$E16*$I16*$D16 -> 67500 | R16: =($N16-$K16-$L16-$M16)*$D16 -> 785.475 | S16: =IF(Q16=0,0,Q16-P16+R16) -> -2114.525 | T16: =S16/P16 -> -0.030035866 | U16: =IF(O16<0,0,P16*0.05*O16/365) -> 752.21918
B17: LG씨엔에스 | C17: R토스 | D17: =IF(OR($C17="신한",$C17="OTC",$C17="무상증자(신한)",$C17="토스",$C17="R토스"),1,"확인") -> 1 | E17: 1 | F17: 68400 | G17: 46064 | I17: 67500 | J17: 46134 | K17: =IF($C17="OTC",ROUNDDOWN($E17*$F17*0.000909187,-1),(IF($C17="신한",ROUNDDOWN($E17*$F17*0.000036396,-1),(IF($C17="토스",$E17*$F17*0.00015,(IF($C17="US",(IF($E17*$F17*0.0025>0.01,$E17*$F17*0.0025,0.01)),IF($C17="JP",(IF($E17*$F17*0.0025>1000,$E17*$F17*0.0025,1000)),(IF($C17="R토스",0,IF($C17="무상증자(신한)",0,""))))))))))) -> 0 | L17: =IF($C17="OTC",ROUNDDOWN($I17*$E17*0.000909187,-1),(IF($C17="신한",ROUNDDOWN($I17*$E17*0.000036396,-1),(IF($C17="토스",$I17*$E17*0.00015,(IF($C17="US",(IF($I17*$E17*0.0025>0.01,$I17*$E17*0.0025,0.01)),(IF($C17="JP",(IF($I17*$E17*0.0025>1000,$I17*$E17*0.0025,1000)),(IF($C17="R토스",$I17*$E17*0.00015,(IF($C17="무상증자(신한)",ROUNDDOWN($I17*$E17*0.000036396,-1),""))))))))))))) -> 10.125 | M17: =Q17*0.002 -> 135 | N17: =E17*1100*(1-0.154) -> 930.6 | O17: =J17-G17+1 -> 71 | P17: =$E17*$F17*$D17 -> 68400 | Q17: =$E17*$I17*$D17 -> 67500 | R17: =($N17-$K17-$L17-$M17)*$D17 -> 785.475 | S17: =IF(Q17=0,0,Q17-P17+R17) -> -114.525 | T17: =S17/P17 -> -0.0016743421 | U17: =IF(O17<0,0,P17*0.05*O17/365) -> 665.26027
B18: LG씨엔에스 | C18: R토스 | D18: =IF(OR($C18="신한",$C18="OTC",$C18="무상증자(신한)",$C18="토스",$C18="R토스"),1,"확인") -> 1 | E18: 1 | F18: 70900 | G18: 46072 | I18: 67500 | J18: 46134 | K18: =IF($C18="OTC",ROUNDDOWN($E18*$F18*0.000909187,-1),(IF($C18="신한",ROUNDDOWN($E18*$F18*0.000036396,-1),(IF($C18="토스",$E18*$F18*0.00015,(IF($C18="US",(IF($E18*$F18*0.0025>0.01,$E18*$F18*0.0025,0.01)),IF($C18="JP",(IF($E18*$F18*0.0025>1000,$E18*$F18*0.0025,1000)),(IF($C18="R토스",0,IF($C18="무상증자(신한)",0,""))))))))))) -> 0 | L18: =IF($C18="OTC",ROUNDDOWN($I18*$E18*0.000909187,-1),(IF($C18="신한",ROUNDDOWN($I18*$E18*0.000036396,-1),(IF($C18="토스",$I18*$E18*0.00015,(IF($C18="US",(IF($I18*$E18*0.0025>0.01,$I18*$E18*0.0025,0.01)),(IF($C18="JP",(IF($I18*$E18*0.0025>1000,$I18*$E18*0.0025,1000)),(IF($C18="R토스",$I18*$E18*0.00015,(IF($C18="무상증자(신한)",ROUNDDOWN($I18*$E18*0.000036396,-1),""))))))))))))) -> 10.125 | M18: =Q18*0.002 -> 135 | N18: =E18*1100*(1-0.154) -> 930.6 | O18: =J18-G18+1 -> 63 | P18: =$E18*$F18*$D18 -> 70900 | Q18: =$E18*$I18*$D18 -> 67500 | R18: =($N18-$K18-$L18-$M18)*$D18 -> 785.475 | S18: =IF(Q18=0,0,Q18-P18+R18) -> -2614.525 | T18: =S18/P18 -> -0.036876234 | U18: =IF(O18<0,0,P18*0.05*O18/365) -> 611.87671
B19: LG씨엔에스 | C19: R토스 | D19: =IF(OR($C19="신한",$C19="OTC",$C19="무상증자(신한)",$C19="토스",$C19="R토스"),1,"확인") -> 1 | E19: 1 | F19: 69900 | G19: 46078 | I19: 67500 | J19: 46134 | K19: =IF($C19="OTC",ROUNDDOWN($E19*$F19*0.000909187,-1),(IF($C19="신한",ROUNDDOWN($E19*$F19*0.000036396,-1),(IF($C19="토스",$E19*$F19*0.00015,(IF($C19="US",(IF($E19*$F19*0.0025>0.01,$E19*$F19*0.0025,0.01)),IF($C19="JP",(IF($E19*$F19*0.0025>1000,$E19*$F19*0.0025,1000)),(IF($C19="R토스",0,IF($C19="무상증자(신한)",0,""))))))))))) -> 0 | L19: =IF($C19="OTC",ROUNDDOWN($I19*$E19*0.000909187,-1),(IF($C19="신한",ROUNDDOWN($I19*$E19*0.000036396,-1),(IF($C19="토스",$I19*$E19*0.00015,(IF($C19="US",(IF($I19*$E19*0.0025>0.01,$I19*$E19*0.0025,0.01)),(IF($C19="JP",(IF($I19*$E19*0.0025>1000,$I19*$E19*0.0025,1000)),(IF($C19="R토스",$I19*$E19*0.00015,(IF($C19="무상증자(신한)",ROUNDDOWN($I19*$E19*0.000036396,-1),""))))))))))))) -> 10.125 | M19: =Q19*0.002 -> 135 | N19: =E19*1100*(1-0.154) -> 930.6 | O19: =J19-G19+1 -> 57 | P19: =$E19*$F19*$D19 -> 69900 | Q19: =$E19*$I19*$D19 -> 67500 | R19: =($N19-$K19-$L19-$M19)*$D19 -> 785.475 | S19: =IF(Q19=0,0,Q19-P19+R19) -> -1614.525 | T19: =S19/P19 -> -0.023097639 | U19: =IF(O19<0,0,P19*0.05*O19/365) -> 545.79452
B20: LG씨엔에스 | C20: R토스 | D20: =IF(OR($C20="신한",$C20="OTC",$C20="무상증자(신한)",$C20="토스",$C20="R토스"),1,"확인") -> 1 | E20: 1 | F20: 64100 | G20: 46085 | I20: 67500 | J20: 46134 | K20: =IF($C20="OTC",ROUNDDOWN($E20*$F20*0.000909187,-1),(IF($C20="신한",ROUNDDOWN($E20*$F20*0.000036396,-1),(IF($C20="토스",$E20*$F20*0.00015,(IF($C20="US",(IF($E20*$F20*0.0025>0.01,$E20*$F20*0.0025,0.01)),IF($C20="JP",(IF($E20*$F20*0.0025>1000,$E20*$F20*0.0025,1000)),(IF($C20="R토스",0,IF($C20="무상증자(신한)",0,""))))))))))) -> 0 | L20: =IF($C20="OTC",ROUNDDOWN($I20*$E20*0.000909187,-1),(IF($C20="신한",ROUNDDOWN($I20*$E20*0.000036396,-1),(IF($C20="토스",$I20*$E20*0.00015,(IF($C20="US",(IF($I20*$E20*0.0025>0.01,$I20*$E20*0.0025,0.01)),(IF($C20="JP",(IF($I20*$E20*0.0025>1000,$I20*$E20*0.0025,1000)),(IF($C20="R토스",$I20*$E20*0.00015,(IF($C20="무상증자(신한)",ROUNDDOWN($I20*$E20*0.000036396,-1),""))))))))))))) -> 10.125 | M20: =Q20*0.002 -> 135 | N20: =E20*1100*(1-0.154) -> 930.6 | O20: =J20-G20+1 -> 50 | P20: =$E20*$F20*$D20 -> 64100 | Q20: =$E20*$I20*$D20 -> 67500 | R20: =($N20-$K20-$L20-$M20)*$D20 -> 785.475 | S20: =IF(Q20=0,0,Q20-P20+R20) -> 4185.475 | T20: =S20/P20 -> 0.065296022 | U20: =IF(O20<0,0,P20*0.05*O20/365) -> 439.0411
... B22: LG씨엔에스 | C22: R토스 | D22: =IF(OR($C22="신한",$C22="OTC",$C22="무상증자(신한)",$C22="토스",$C22="R토스"),1,"확인") -> 1 | E22: 1 | F22: 67400 | G22: 46099 | I22: 67500 | J22: 46134 | K22: =IF($C22="OTC",ROUNDDOWN($E22*$F22*0.000909187,-1),(IF($C22="신한",ROUNDDOWN($E22*$F22*0.000036396,-1),(IF($C22="토스",$E22*$F22*0.00015,(IF($C22="US",(IF($E22*$F22*0.0025>0.01,$E22*$F22*0.0025,0.01)),IF($C22="JP",(IF($E22*$F22*0.0025>1000,$E22*$F22*0.0025,1000)),(IF($C22="R토스",0,IF($C22="무상증자(신한)",0,""))))))))))) -> 0 | L22: =IF($C22="OTC",ROUNDDOWN($I22*$E22*0.000909187,-1),(IF($C22="신한",ROUNDDOWN($I22*$E22*0.000036396,-1),(IF($C22="토스",$I22*$E22*0.00015,(IF($C22="US",(IF($I22*$E22*0.0025>0.01,$I22*$E22*0.0025,0.01)),(IF($C22="JP",(IF($I22*$E22*0.0025>1000,$I22*$E22*0.0025,1000)),(IF($C22="R토스",$I22*$E22*0.00015,(IF($C22="무상증자(신한)",ROUNDDOWN($I22*$E22*0.000036396,-1),""))))))))))))) -> 10.125 | M22: =Q22*0.002 -> 135 | N22: =E22*1100*(1-0.154) -> 930.6 | O22: =J22-G22+1 -> 36 | P22: =$E22*$F22*$D22 -> 67400 | Q22: =$E22*$I22*$D22 -> 67500 | R22: =($N22-$K22-$L22-$M22)*$D22 -> 785.475 | S22: =IF(Q22=0,0,Q22-P22+R22) -> 885.475 | T22: =S22/P22 -> 0.013137611 | U22: =IF(O22<0,0,P22*0.05*O22/365) -> 332.38356
B23: Plugpower | C23: US | D23: =IF(OR($C23="신한",$C23="OTC",$C23="무상증자(신한)",$C23="토스",$C23="R토스"),1,"확인") -> 확인 | H23: 손절만회용(90만원)/매도 3.7달러 | P23: =$E23*$F23*$D23 -> #VALUE! | Q23: =$E23*$I23*$D23 -> #VALUE! | R23: =($N23-$K23-$L23-$M23)*$D23 -> #VALUE! | S23: =IF(Q23=0,0,Q23-P23+R23) -> #VALUE! | T23: =S23/P23 -> #VALUE!
B24: S&P BIO | C24: US | D24: =IF(OR($C24="신한",$C24="OTC",$C24="무상증자(신한)",$C24="토스",$C24="R토스"),1,"확인") -> 확인 | H24: 손절만회용(55만원)/매도103.5달러 | P24: =$E24*$F24*$D24 -> #VALUE! | Q24: =$E24*$I24*$D24 -> #VALUE! | R24: =($N24-$K24-$L24-$M24)*$D24 -> #VALUE! | S24: =IF(Q24=0,0,Q24-P24+R24) -> #VALUE! | T24: =S24/P24 -> #VALUE!
B25: SK하이닉스 | C25: 신한 | D25: =IF(OR($C25="신한",$C25="OTC",$C25="무상증자(신한)",$C25="토스",$C25="R토스"),1,"확인") -> 1 | E25: 6 | F25: 805000 | G25: 46112 | I25: 1025000 | J25: 46122 | K25: =IF($C25="OTC",ROUNDDOWN($E25*$F25*0.000909187,-1),(IF($C25="신한",ROUNDDOWN($E25*$F25*0.000036396,-1),(IF($C25="토스",$E25*$F25*0.00015,(IF($C25="US",(IF($E25*$F25*0.0025>0.01,$E25*$F25*0.0025,0.01)),IF($C25="JP",(IF($E25*$F25*0.0025>1000,$E25*$F25*0.0025,1000)),(IF($C25="R토스",0,IF($C25="무상증자(신한)",0,""))))))))))) -> 170 | L25: =IF($C25="OTC",ROUNDDOWN($I25*$E25*0.000909187,-1),(IF($C25="신한",ROUNDDOWN($I25*$E25*0.000036396,-1),(IF($C25="토스",$I25*$E25*0.00015,(IF($C25="US",(IF($I25*$E25*0.0025>0.01,$I25*$E25*0.0025,0.01)),(IF($C25="JP",(IF($I25*$E25*0.0025>1000,$I25*$E25*0.0025,1000)),(IF($C25="R토스",$I25*$E25*0.00015,(IF($C25="무상증자(신한)",ROUNDDOWN($I25*$E25*0.000036396,-1),""))))))))))))) -> 220 | M25: =Q25*0.002 -> 12300 | O25: =J25-G25+1 -> 11 | P25: =$E25*$F25*$D25 -> 4830000 | Q25: =$E25*$I25*$D25 -> 6150000 | R25: =($N25-$K25-$L25-$M25)*$D25 -> -12690 | S25: =IF(Q25=0,0,Q25-P25+R25) -> 1307310 | T25: =S25/P25 -> 0.2706646 | U25: =IF(O25<0,0,P25*0.05*O25/365) -> 7278.0822
B26: SK하이닉스 | C26: 토스 | D26: =IF(OR($C26="신한",$C26="OTC",$C26="무상증자(신한)",$C26="토스",$C26="R토스"),1,"확인") -> 1 | E26: 8 | F26: 1240000 | G26: 46139 | I26: 1243000 | J26: 46134 | K26: 0 | L26: 0 | M26: =Q26*0.002 -> 19888 | O26: =J26-G26+1 -> -4 | P26: =$E26*$F26*$D26 -> 9920000 | Q26: =$E26*$I26*$D26 -> 9944000 | R26: =($N26-$K26-$L26-$M26)*$D26 -> -19888 | S26: =IF(Q26=0,0,Q26-P26+R26) -> 4112 | T26: =S26/P26 -> 0.00041451613 | U26: =IF(O26<0,0,P26*0.05*O26/365) -> 0
B27: SK하이닉스 | C27: 토스 | D27: =IF(OR($C27="신한",$C27="OTC",$C27="무상증자(신한)",$C27="토스",$C27="R토스"),1,"확인") -> 1 | E27: 80 | F27: 1239000 | G27: 46139 | I27: 1243000 | J27: 46134 | K27: 0 | L27: 0 | M27: =Q27*0.002 -> 198880 | O27: =J27-G27+1 -> -4 | P27: =$E27*$F27*$D27 -> 99120000 | Q27: =$E27*$I27*$D27 -> 99440000 | R27: =($N27-$K27-$L27-$M27)*$D27 -> -198880 | S27: =IF(Q27=0,0,Q27-P27+R27) -> 121120 | T27: =S27/P27 -> 0.0012219532 | U27: =IF(O27<0,0,P27*0.05*O27/365) -> 0
B28: Tiger 레버리지 | C28: 신한 | D28: =IF(OR($C28="신한",$C28="OTC",$C28="무상증자(신한)",$C28="토스",$C28="R토스"),1,"확인") -> 1 | E28: 23 | F28: 88005 | G28: 46086 | I28: 95000 | J28: 46126 | K28: =IF($C28="OTC",ROUNDDOWN($E28*$F28*0.000909187,-1),(IF($C28="신한",ROUNDDOWN($E28*$F28*0.000036396,-1),(IF($C28="토스",$E28*$F28*0.00015,(IF($C28="US",(IF($E28*$F28*0.0025>0.01,$E28*$F28*0.0025,0.01)),IF($C28="JP",(IF($E28*$F28*0.0025>1000,$E28*$F28*0.0025,1000)),(IF($C28="R토스",0,IF($C28="무상증자(신한)",0,""))))))))))) -> 70 | L28: =IF($C28="OTC",ROUNDDOWN($I28*$E28*0.000909187,-1),(IF($C28="신한",ROUNDDOWN($I28*$E28*0.000036396,-1),(IF($C28="토스",$I28*$E28*0.00015,(IF($C28="US",(IF($I28*$E28*0.0025>0.01,$I28*$E28*0.0025,0.01)),(IF($C28="JP",(IF($I28*$E28*0.0025>1000,$I28*$E28*0.0025,1000)),(IF($C28="R토스",$I28*$E28*0.00015,(IF($C28="무상증자(신한)",ROUNDDOWN($I28*$E28*0.000036396,-1),""))))))))))))) -> 70 | M28: =Q28*0.002 -> 4370 | O28: =J28-G28+1 -> 41 | P28: =$E28*$F28*$D28 -> 2024115 | Q28: =$E28*$I28*$D28 -> 2185000 | R28: =($N28-$K28-$L28-$M28)*$D28 -> -4510 | S28: =IF(Q28=0,0,Q28-P28+R28) -> 156375 | T28: =S28/P28 -> 0.077255986
B29: Tiger 레버리지 | C29: 신한 | D29: =IF(OR($C29="신한",$C29="OTC",$C29="무상증자(신한)",$C29="토스",$C29="R토스"),1,"확인") -> 1 | E29: 13 | F29: 78498 | G29: 46104 | I29: 95000 | J29: 46126 | K29: =IF($C29="OTC",ROUNDDOWN($E29*$F29*0.000909187,-1),(IF($C29="신한",ROUNDDOWN($E29*$F29*0.000036396,-1),(IF($C29="토스",$E29*$F29*0.00015,(IF($C29="US",(IF($E29*$F29*0.0025>0.01,$E29*$F29*0.0025,0.01)),IF($C29="JP",(IF($E29*$F29*0.0025>1000,$E29*$F29*0.0025,1000)),(IF($C29="R토스",0,IF($C29="무상증자(신한)",0,""))))))))))) -> 30 | L29: =IF($C29="OTC",ROUNDDOWN($I29*$E29*0.000909187,-1),(IF($C29="신한",ROUNDDOWN($I29*$E29*0.000036396,-1),(IF($C29="토스",$I29*$E29*0.00015,(IF($C29="US",(IF($I29*$E29*0.0025>0.01,$I29*$E29*0.0025,0.01)),(IF($C29="JP",(IF($I29*$E29*0.0025>1000,$I29*$E29*0.0025,1000)),(IF($C29="R토스",$I29*$E29*0.00015,(IF($C29="무상증자(신한)",ROUNDDOWN($I29*$E29*0.000036396,-1),""))))))))))))) -> 40 | M29: =Q29*0.002 -> 2470 | O29: =J29-G29+1 -> 23 | P29: =$E29*$F29*$D29 -> 1020474 | Q29: =$E29*$I29*$D29 -> 1235000 | R29: =($N29-$K29-$L29-$M29)*$D29 -> -2540 | S29: =IF(Q29=0,0,Q29-P29+R29) -> 211986 | T29: =S29/P29 -> 0.20773288
B30: Tiger 코스닥150레버리지 | C30: 신한 | D30: =IF(OR($C30="신한",$C30="OTC",$C30="무상증자(신한)",$C30="토스",$C30="R토스"),1,"확인") -> 1 | E30: 100 | F30: 20460 | G30: 46084 | I30: 17800 | J30: 46134 | K30: =IF($C30="OTC",ROUNDDOWN($E30*$F30*0.000909187,-1),(IF($C30="신한",ROUNDDOWN($E30*$F30*0.000036396,-1),(IF($C30="토스",$E30*$F30*0.00015,(IF($C30="US",(IF($E30*$F30*0.0025>0.01,$E30*$F30*0.0025,0.01)),IF($C30="JP",(IF($E30*$F30*0.0025>1000,$E30*$F30*0.0025,1000)),(IF($C30="R토스",0,IF($C30="무상증자(신한)",0,""))))))))))) -> 70 | L30: =IF($C30="OTC",ROUNDDOWN($I30*$E30*0.000909187,-1),(IF($C30="신한",ROUNDDOWN($I30*$E30*0.000036396,-1),(IF($C30="토스",$I30*$E30*0.00015,(IF($C30="US",(IF($I30*$E30*0.0025>0.01,$I30*$E30*0.0025,0.01)),(IF($C30="JP",(IF($I30*$E30*0.0025>1000,$I30*$E30*0.0025,1000)),(IF($C30="R토스",$I30*$E30*0.00015,(IF($C30="무상증자(신한)",ROUNDDOWN($I30*$E30*0.000036396,-1),""))))))))))))) -> 60 | M30: =Q30*0.002 -> 3560 | O30: =J30-G30+1 -> 51 | P30: =$E30*$F30*$D30 -> 2046000 | Q30: =$E30*$I30*$D30 -> 1780000 | R30: =($N30-$K30-$L30-$M30)*$D30 -> -3690 | S30: =IF(Q30=0,0,Q30-P30+R30) -> -269690 | T30: =S30/P30 -> -0.13181329
B31: Tiger 코스닥150레버리지 | C31: 신한 | D31: =IF(OR($C31="신한",$C31="OTC",$C31="무상증자(신한)",$C31="토스",$C31="R토스"),1,"확인") -> 1 | E31: 28 | F31: 17609 | G31: 46104 | I31: 17800 | J31: 46134 | K31: =IF($C31="OTC",ROUNDDOWN($E31*$F31*0.000909187,-1),(IF($C31="신한",ROUNDDOWN($E31*$F31*0.000036396,-1),(IF($C31="토스",$E31*$F31*0.00015,(IF($C31="US",(IF($E31*$F31*0.0025>0.01,$E31*$F31*0.0025,0.01)),IF($C31="JP",(IF($E31*$F31*0.0025>1000,$E31*$F31*0.0025,1000)),(IF($C31="R토스",0,IF($C31="무상증자(신한)",0,""))))))))))) -> 10 | L31: =IF($C31="OTC",ROUNDDOWN($I31*$E31*0.000909187,-1),(IF($C31="신한",ROUNDDOWN($I31*$E31*0.000036396,-1),(IF($C31="토스",$I31*$E31*0.00015,(IF($C31="US",(IF($I31*$E31*0.0025>0.01,$I31*$E31*0.0025,0.01)),(IF($C31="JP",(IF($I31*$E31*0.0025>1000,$I31*$E31*0.0025,1000)),(IF($C31="R토스",$I31*$E31*0.00015,(IF($C31="무상증자(신한)",ROUNDDOWN($I31*$E31*0.000036396,-1),""))))))))))))) -> 10 | M31: =Q31*0.002 -> 996.8 | O31: =J31-G31+1 -> 31 | P31: =$E31*$F31*$D31 -> 493052 | Q31: =$E31*$I31*$D31 -> 498400 | R31: =($N31-$K31-$L31-$M31)*$D31 -> -1016.8 | S31: =IF(Q31=0,0,Q31-P31+R31) -> 4331.2 | T31: =S31/P31 -> 0.008784469
B32: Upwork | C32: US | D32: 1196.2 | E32: 33 | F32: 48.25 | G32: 44505 | K32: =IF($C32="OTC",ROUNDDOWN($E32*$F32*0.000909187,-1),(IF($C32="신한",ROUNDDOWN($E32*$F32*0.000036396,-1),(IF($C32="토스",$E32*$F32*0.00015,(IF($C32="US",(IF($E32*$F32*0.0025>0.01,$E32*$F32*0.0025,0.01)),IF($C32="JP",(IF($E32*$F32*0.0025>1000,$E32*$F32*0.0025,1000)),(IF($C32="R토스",0,IF($C32="무상증자(신한)",0,""))))))))))) -> 3.980625 | L32: =IF($C32="OTC",ROUNDDOWN($I32*$E32*0.000909187,-1),(IF($C32="신한",ROUNDDOWN($I32*$E32*0.000036396,-1),(IF($C32="토스",$I32*$E32*0.00015,(IF($C32="US",(IF($I32*$E32*0.0025>0.01,$I32*$E32*0.0025,0.01)),(IF($C32="JP",(IF($I32*$E32*0.0025>1000,$I32*$E32*0.0025,1000)),(IF($C32="R토스",$I32*$E32*0.00015,(IF($C32="무상증자(신한)",ROUNDDOWN($I32*$E32*0.000036396,-1),""))))))))))))) -> 0.01 | M32: =E32*I32*0.0000051 -> 0 | O32: =J32-G32+1 -> -44504 | P32: =$E32*$F32*$D32 -> 1904649.5 | Q32: =$E32*$I32*$D32 -> 0 | R32: =($N32-$K32-$L32-$M32)*$D32 -> -4773.5856 | S32: =IF(Q32=0,0,Q32-P32+R32) -> 0 | T32: =S32/P32 -> 0
B33: 감성코퍼레이션 | C33: 신한 | D33: =IF(OR($C33="신한",$C33="OTC",$C33="무상증자(신한)",$C33="토스",$C33="R토스"),1,"확인") -> 1 | E33: 30 | F33: 5143 | G33: 45800 | I33: 6630 | J33: 46057 | K33: =IF($C33="OTC",ROUNDDOWN($E33*$F33*0.000909187,-1),(IF($C33="신한",ROUNDDOWN($E33*$F33*0.000036396,-1),(IF($C33="토스",$E33*$F33*0.00015,(IF($C33="US",(IF($E33*$F33*0.0025>0.01,$E33*$F33*0.0025,0.01)),IF($C33="JP",(IF($E33*$F33*0.0025>1000,$E33*$F33*0.0025,1000)),(IF($C33="R토스",0,IF($C33="무상증자(신한)",0,""))))))))))) -> 0 | L33: =IF($C33="OTC",ROUNDDOWN($I33*$E33*0.000909187,-1),(IF($C33="신한",ROUNDDOWN($I33*$E33*0.000036396,-1),(IF($C33="토스",$I33*$E33*0.00015,(IF($C33="US",(IF($I33*$E33*0.0025>0.01,$I33*$E33*0.0025,0.01)),(IF($C33="JP",(IF($I33*$E33*0.0025>1000,$I33*$E33*0.0025,1000)),(IF($C33="R토스",$I33*$E33*0.00015,(IF($C33="무상증자(신한)",ROUNDDOWN($I33*$E33*0.000036396,-1),""))))))))))))) -> 0 | M33: =Q33*0.002 -> 397.8 | O33: =J33-G33+1 -> 258 | P33: =$E33*$F33*$D33 -> 154290 | Q33: =$E33*$I33*$D33 -> 198900 | R33: =($N33-$K33-$L33-$M33)*$D33 -> -397.8 | S33: =IF(Q33=0,0,Q33-P33+R33) -> 44212.2 | T33: =S33/P33 -> 0.2865526
B34: 감성코퍼레이션 | C34: 신한 | D34: =IF(OR($C34="신한",$C34="OTC",$C34="무상증자(신한)",$C34="토스",$C34="R토스"),1,"확인") -> 1 | E34: 560 | F34: 5118 | G34: 45803 | I34: 6630 | J34: 46057 | K34: =IF($C34="OTC",ROUNDDOWN($E34*$F34*0.000909187,-1),(IF($C34="신한",ROUNDDOWN($E34*$F34*0.000036396,-1),(IF($C34="토스",$E34*$F34*0.00015,(IF($C34="US",(IF($E34*$F34*0.0025>0.01,$E34*$F34*0.0025,0.01)),IF($C34="JP",(IF($E34*$F34*0.0025>1000,$E34*$F34*0.0025,1000)),(IF($C34="R토스",0,IF($C34="무상증자(신한)",0,""))))))))))) -> 100 | L34: =IF($C34="OTC",ROUNDDOWN($I34*$E34*0.000909187,-1),(IF($C34="신한",ROUNDDOWN($I34*$E34*0.000036396,-1),(IF($C34="토스",$I34*$E34*0.00015,(IF($C34="US",(IF($I34*$E34*0.0025>0.01,$I34*$E34*0.0025,0.01)),(IF($C34="JP",(IF($I34*$E34*0.0025>1000,$I34*$E34*0.0025,1000)),(IF($C34="R토스",$I34*$E34*0.00015,(IF($C34="무상증자(신한)",ROUNDDOWN($I34*$E34*0.000036396,-1),""))))))))))))) -> 130 | M34: =Q34*0.002 -> 7425.6 | O34: =J34-G34+1 -> 255 | P34: =$E34*$F34*$D34 -> 2866080 | Q34: =$E34*$I34*$D34 -> 3712800 | R34: =($N34-$K34-$L34-$M34)*$D34 -> -7655.6 | S34: =IF(Q34=0,0,Q34-P34+R34) -> 839064.4 | T34: =S34/P34 -> 0.2927568
B35: 감성코퍼레이션 | C35: 신한 | D35: =IF(OR($C35="신한",$C35="OTC",$C35="무상증자(신한)",$C35="토스",$C35="R토스"),1,"확인") -> 1 | E35: 240 | F35: 5118 | G35: 45803 | I35: 6250 | J35: 46134 | K35: =IF($C35="OTC",ROUNDDOWN($E35*$F35*0.000909187,-1),(IF($C35="신한",ROUNDDOWN($E35*$F35*0.000036396,-1),(IF($C35="토스",$E35*$F35*0.00015,(IF($C35="US",(IF($E35*$F35*0.0025>0.01,$E35*$F35*0.0025,0.01)),IF($C35="JP",(IF($E35*$F35*0.0025>1000,$E35*$F35*0.0025,1000)),(IF($C35="R토스",0,IF($C35="무상증자(신한)",0,""))))))))))) -> 40 | L35: =IF($C35="OTC",ROUNDDOWN($I35*$E35*0.000909187,-1),(IF($C35="신한",ROUNDDOWN($I35*$E35*0.000036396,-1),(IF($C35="토스",$I35*$E35*0.00015,(IF($C35="US",(IF($I35*$E35*0.0025>0.01,$I35*$E35*0.0025,0.01)),(IF($C35="JP",(IF($I35*$E35*0.0025>1000,$I35*$E35*0.0025,1000)),(IF($C35="R토스",$I35*$E35*0.00015,(IF($C35="무상증자(신한)",ROUNDDOWN($I35*$E35*0.000036396,-1),""))))))))))))) -> 50 | M35: =Q35*0.002 -> 3000 | O35: =J35-G35+1 -> 332 | P35: =$E35*$F35*$D35 -> 1228320 | Q35: =$E35*$I35*$D35 -> 1500000 | R35: =($N35-$K35-$L35-$M35)*$D35 -> -3090 | S35: =IF(Q35=0,0,Q35-P35+R35) -> 268590 | T35: =S35/P35 -> 0.21866452
B36: 감성코퍼레이션 | C36: 신한 | D36: =IF(OR($C36="신한",$C36="OTC",$C36="무상증자(신한)",$C36="토스",$C36="R토스"),1,"확인") -> 1 | E36: 500 | F36: 4966 | G36: 45805 | I36: 7300 | J36: 46063 | K36: =IF($C36="OTC",ROUNDDOWN($E36*$F36*0.000909187,-1),(IF($C36="신한",ROUNDDOWN($E36*$F36*0.000036396,-1),(IF($C36="토스",$E36*$F36*0.00015,(IF($C36="US",(IF($E36*$F36*0.0025>0.01,$E36*$F36*0.0025,0.01)),IF($C36="JP",(IF($E36*$F36*0.0025>1000,$E36*$F36*0.0025,1000)),(IF($C36="R토스",0,IF($C36="무상증자(신한)",0,""))))))))))) -> 90 | L36: =IF($C36="OTC",ROUNDDOWN($I36*$E36*0.000909187,-1),(IF($C36="신한",ROUNDDOWN($I36*$E36*0.000036396,-1),(IF($C36="토스",$I36*$E36*0.00015,(IF($C36="US",(IF($I36*$E36*0.0025>0.01,$I36*$E36*0.0025,0.01)),(IF($C36="JP",(IF($I36*$E36*0.0025>1000,$I36*$E36*0.0025,1000)),(IF($C36="R토스",$I36*$E36*0.00015,(IF($C36="무상증자(신한)",ROUNDDOWN($I36*$E36*0.000036396,-1),""))))))))))))) -> 130 | M36: =Q36*0.002 -> 7300 | O36: =J36-G36+1 -> 259 | P36: =$E36*$F36*$D36 -> 2483000 | Q36: =$E36*$I36*$D36 -> 3650000 | R36: =($N36-$K36-$L36-$M36)*$D36 -> -7520 | S36: =IF(Q36=0,0,Q36-P36+R36) -> 1159480 | T36: =S36/P36 -> 0.46696738
B37: 감성코퍼레이션 | C37: 신한 | D37: =IF(OR($C37="신한",$C37="OTC",$C37="무상증자(신한)",$C37="토스",$C37="R토스"),1,"확인") -> 1 | E37: 50 | F37: 4966 | G37: 45805 | I37: 6250 | J37: 46134 | K37: =IF($C37="OTC",ROUNDDOWN($E37*$F37*0.000909187,-1),(IF($C37="신한",ROUNDDOWN($E37*$F37*0.000036396,-1),(IF($C37="토스",$E37*$F37*0.00015,(IF($C37="US",(IF($E37*$F37*0.0025>0.01,$E37*$F37*0.0025,0.01)),IF($C37="JP",(IF($E37*$F37*0.0025>1000,$E37*$F37*0.0025,1000)),(IF($C37="R토스",0,IF($C37="무상증자(신한)",0,""))))))))))) -> 0 | L37: =IF($C37="OTC",ROUNDDOWN($I37*$E37*0.000909187,-1),(IF($C37="신한",ROUNDDOWN($I37*$E37*0.000036396,-1),(IF($C37="토스",$I37*$E37*0.00015,(IF($C37="US",(IF($I37*$E37*0.0025>0.01,$I37*$E37*0.0025,0.01)),(IF($C37="JP",(IF($I37*$E37*0.0025>1000,$I37*$E37*0.0025,1000)),(IF($C37="R토스",$I37*$E37*0.00015,(IF($C37="무상증자(신한)",ROUNDDOWN($I37*$E37*0.000036396,-1),""))))))))))))) -> 10 | M37: =Q37*0.002 -> 625 | O37: =J37-G37+1 -> 330 | P37: =$E37*$F37*$D37 -> 248300 | Q37: =$E37*$I37*$D37 -> 312500 | R37: =($N37-$K37-$L37-$M37)*$D37 -> -635 | S37: =IF(Q37=0,0,Q37-P37+R37) -> 63565 | T37: =S37/P37 -> 0.25600081
B38: 감성코퍼레이션 | C38: 신한 | D38: =IF(OR($C38="신한",$C38="OTC",$C38="무상증자(신한)",$C38="토스",$C38="R토스"),1,"확인") -> 1 | E38: 20 | F38: 6400 | G38: 45805 | I38: 6250 | J38: 46134 | K38: =IF($C38="OTC",ROUNDDOWN($E38*$F38*0.000909187,-1),(IF($C38="신한",ROUNDDOWN($E38*$F38*0.000036396,-1),(IF($C38="토스",$E38*$F38*0.00015,(IF($C38="US",(IF($E38*$F38*0.0025>0.01,$E38*$F38*0.0025,0.01)),IF($C38="JP",(IF($E38*$F38*0.0025>1000,$E38*$F38*0.0025,1000)),(IF($C38="R토스",0,IF($C38="무상증자(신한)",0,""))))))))))) -> 0 | L38: =IF($C38="OTC",ROUNDDOWN($I38*$E38*0.000909187,-1),(IF($C38="신한",ROUNDDOWN($I38*$E38*0.000036396,-1),(IF($C38="토스",$I38*$E38*0.00015,(IF($C38="US",(IF($I38*$E38*0.0025>0.01,$I38*$E38*0.0025,0.01)),(IF($C38="JP",(IF($I38*$E38*0.0025>1000,$I38*$E38*0.0025,1000)),(IF($C38="R토스",$I38*$E38*0.00015,(IF($C38="무상증자(신한)",ROUNDDOWN($I38*$E38*0.000036396,-1),""))))))))))))) -> 0 | M38: =Q38*0.002 -> 250 | O38: =J38-G38+1 -> 330 | P38: =$E38*$F38*$D38 -> 128000 | Q38: =$E38*$I38*$D38 -> 125000 | R38: =($N38-$K38-$L38-$M38)*$D38 -> -250 | S38: =IF(Q38=0,0,Q38-P38+R38) -> -3250 | T38: =S38/P38 -> -0.025390625
B39: 감성코퍼레이션 | C39: 신한 | D39: =IF(OR($C39="신한",$C39="OTC",$C39="무상증자(신한)",$C39="토스",$C39="R토스"),1,"확인") -> 1 | E39: 100 | F39: 5700 | G39: 45940 | I39: 6250 | J39: 46134 | K39: =IF($C39="OTC",ROUNDDOWN($E39*$F39*0.000909187,-1),(IF($C39="신한",ROUNDDOWN($E39*$F39*0.000036396,-1),(IF($C39="토스",$E39*$F39*0.00015,(IF($C39="US",(IF($E39*$F39*0.0025>0.01,$E39*$F39*0.0025,0.01)),IF($C39="JP",(IF($E39*$F39*0.0025>1000,$E39*$F39*0.0025,1000)),(IF($C39="R토스",0,IF($C39="무상증자(신한)",0,""))))))))))) -> 20 | L39: =IF($C39="OTC",ROUNDDOWN($I39*$E39*0.000909187,-1),(IF($C39="신한",ROUNDDOWN($I39*$E39*0.000036396,-1),(IF($C39="토스",$I39*$E39*0.00015,(IF($C39="US",(IF($I39*$E39*0.0025>0.01,$I39*$E39*0.0025,0.01)),(IF($C39="JP",(IF($I39*$E39*0.0025>1000,$I39*$E39*0.0025,1000)),(IF($C39="R토스",$I39*$E39*0.00015,(IF($C39="무상증자(신한)",ROUNDDOWN($I39*$E39*0.000036396,-1),""))))))))))))) -> 20 | M39: =Q39*0.002 -> 1250 | O39: =J39-G39+1 -> 195 | P39: =$E39*$F39*$D39 -> 570000 | Q39: =$E39*$I39*$D39 -> 625000 | R39: =($N39-$K39-$L39-$M39)*$D39 -> -1290 | S39: =IF(Q39=0,0,Q39-P39+R39) -> 53710 | T39: =S39/P39 -> 0.09422807
B40: 감성코퍼레이션 | C40: 신한 | D40: =IF(OR($C40="신한",$C40="OTC",$C40="무상증자(신한)",$C40="토스",$C40="R토스"),1,"확인") -> 1 | E40: 90 | F40: 6650 | G40: 46000 | I40: 6250 | J40: 46134 | K40: =IF($C40="OTC",ROUNDDOWN($E40*$F40*0.000909187,-1),(IF($C40="신한",ROUNDDOWN($E40*$F40*0.000036396,-1),(IF($C40="토스",$E40*$F40*0.00015,(IF($C40="US",(IF($E40*$F40*0.0025>0.01,$E40*$F40*0.0025,0.01)),IF($C40="JP",(IF($E40*$F40*0.0025>1000,$E40*$F40*0.0025,1000)),(IF($C40="R토스",0,IF($C40="무상증자(신한)",0,""))))))))))) -> 20 | L40: =IF($C40="OTC",ROUNDDOWN($I40*$E40*0.000909187,-1),(IF($C40="신한",ROUNDDOWN($I40*$E40*0.000036396,-1),(IF($C40="토스",$I40*$E40*0.00015,(IF($C40="US",(IF($I40*$E40*0.0025>0.01,$I40*$E40*0.0025,0.01)),(IF($C40="JP",(IF($I40*$E40*0.0025>1000,$I40*$E40*0.0025,1000)),(IF($C40="R토스",$I40*$E40*0.00015,(IF($C40="무상증자(신한)",ROUNDDOWN($I40*$E40*0.000036396,-1),""))))))))))))) -> 20 | M40: =Q40*0.002 -> 1125 | O40: =J40-G40+1 -> 135 | P40: =$E40*$F40*$D40 -> 598500 | Q40: =$E40*$I40*$D40 -> 562500 | R40: =($N40-$K40-$L40-$M40)*$D40 -> -1165 | S40: =IF(Q40=0,0,Q40-P40+R40) -> -37165 | T40: =S40/P40 -> -0.062096909
B41: 감성코퍼레이션 | C41: 신한 | D41: =IF(OR($C41="신한",$C41="OTC",$C41="무상증자(신한)",$C41="토스",$C41="R토스"),1,"확인") -> 1 | E41: 100 | F41: 6870 | G41: 46064 | I41: 6250 | J41: 46134 | K41: =IF($C41="OTC",ROUNDDOWN($E41*$F41*0.000909187,-1),(IF($C41="신한",ROUNDDOWN($E41*$F41*0.000036396,-1),(IF($C41="토스",$E41*$F41*0.00015,(IF($C41="US",(IF($E41*$F41*0.0025>0.01,$E41*$F41*0.0025,0.01)),IF($C41="JP",(IF($E41*$F41*0.0025>1000,$E41*$F41*0.0025,1000)),(IF($C41="R토스",0,IF($C41="무상증자(신한)",0,""))))))))))) -> 20 | L41: =IF($C41="OTC",ROUNDDOWN($I41*$E41*0.000909187,-1),(IF($C41="신한",ROUNDDOWN($I41*$E41*0.000036396,-1),(IF($C41="토스",$I41*$E41*0.00015,(IF($C41="US",(IF($I41*$E41*0.0025>0.01,$I41*$E41*0.0025,0.01)),(IF($C41="JP",(IF($I41*$E41*0.0025>1000,$I41*$E41*0.0025,1000)),(IF($C41="R토스",$I41*$E41*0.00015,(IF($C41="무상증자(신한)",ROUNDDOWN($I41*$E41*0.000036396,-1),""))))))))))))) -> 20 | M41: =Q41*0.002 -> 1250 | O41: =J41-G41+1 -> 71 | P41: =$E41*$F41*$D41 -> 687000 | Q41: =$E41*$I41*$D41 -> 625000 | R41: =($N41-$K41-$L41-$M41)*$D41 -> -1290 | S41: =IF(Q41=0,0,Q41-P41+R41) -> -63290 | T41: =S41/P41 -> -0.092125182
B42: 감성코퍼레이션 | C42: 신한 | D42: =IF(OR($C42="신한",$C42="OTC",$C42="무상증자(신한)",$C42="토스",$C42="R토스"),1,"확인") -> 1 | E42: 200 | F42: 7000 | G42: 46064 | I42: 6250 | J42: 46134 | K42: =IF($C42="OTC",ROUNDDOWN($E42*$F42*0.000909187,-1),(IF($C42="신한",ROUNDDOWN($E42*$F42*0.000036396,-1),(IF($C42="토스",$E42*$F42*0.00015,(IF($C42="US",(IF($E42*$F42*0.0025>0.01,$E42*$F42*0.0025,0.01)),IF($C42="JP",(IF($E42*$F42*0.0025>1000,$E42*$F42*0.0025,1000)),(IF($C42="R토스",0,IF($C42="무상증자(신한)",0,""))))))))))) -> 50 | L42: =IF($C42="OTC",ROUNDDOWN($I42*$E42*0.000909187,-1),(IF($C42="신한",ROUNDDOWN($I42*$E42*0.000036396,-1),(IF($C42="토스",$I42*$E42*0.00015,(IF($C42="US",(IF($I42*$E42*0.0025>0.01,$I42*$E42*0.0025,0.01)),(IF($C42="JP",(IF($I42*$E42*0.0025>1000,$I42*$E42*0.0025,1000)),(IF($C42="R토스",$I42*$E42*0.00015,(IF($C42="무상증자(신한)",ROUNDDOWN($I42*$E42*0.000036396,-1),""))))))))))))) -> 40 | M42: =Q42*0.002 -> 2500 | O42: =J42-G42+1 -> 71 | P42: =$E42*$F42*$D42 -> 1400000 | Q42: =$E42*$I42*$D42 -> 1250000 | R42: =($N42-$K42-$L42-$M42)*$D42 -> -2590 | S42: =IF(Q42=0,0,Q42-P42+R42) -> -152590 | T42: =S42/P42 -> -0.10899286
B43: 감성코퍼레이션 | C43: 신한 | D43: =IF(OR($C43="신한",$C43="OTC",$C43="무상증자(신한)",$C43="토스",$C43="R토스"),1,"확인") -> 1 | E43: 200 | F43: 7070 | G43: 46064 | I43: 6250 | J43: 46134 | K43: =IF($C43="OTC",ROUNDDOWN($E43*$F43*0.000909187,-1),(IF($C43="신한",ROUNDDOWN($E43*$F43*0.000036396,-1),(IF($C43="토스",$E43*$F43*0.00015,(IF($C43="US",(IF($E43*$F43*0.0025>0.01,$E43*$F43*0.0025,0.01)),IF($C43="JP",(IF($E43*$F43*0.0025>1000,$E43*$F43*0.0025,1000)),(IF($C43="R토스",0,IF($C43="무상증자(신한)",0,""))))))))))) -> 50 | L43: =IF($C43="OTC",ROUNDDOWN($I43*$E43*0.000909187,-1),(IF($C43="신한",ROUNDDOWN($I43*$E43*0.000036396,-1),(IF($C43="토스",$I43*$E43*0.00015,(IF($C43="US",(IF($I43*$E43*0.0025>0.01,$I43*$E43*0.0025,0.01)),(IF($C43="JP",(IF($I43*$E43*0.0025>1000,$I43*$E43*0.0025,1000)),(IF($C43="R토스",$I43*$E43*0.00015,(IF($C43="무상증자(신한)",ROUNDDOWN($I43*$E43*0.000036396,-1),""))))))))))))) -> 40 | M43: =Q43*0.002 -> 2500 | O43: =J43-G43+1 -> 71 | P43: =$E43*$F43*$D43 -> 1414000 | Q43: =$E43*$I43*$D43 -> 1250000 | R43: =($N43-$K43-$L43-$M43)*$D43 -> -2590 | S43: =IF(Q43=0,0,Q43-P43+R43) -> -166590 | T43: =S43/P43 -> -0.11781471
B44: 감성코퍼레이션 | C44: 토스 | D44: =IF(OR($C44="신한",$C44="OTC",$C44="무상증자(신한)",$C44="토스",$C44="R토스"),1,"확인") -> 1 | E44: 100 | F44: 6400 | G44: 45924 | H44: 약관 | I44: 7250 | J44: 46063 | K44: =IF($C44="OTC",ROUNDDOWN($E44*$F44*0.000909187,-1),(IF($C44="신한",ROUNDDOWN($E44*$F44*0.000036396,-1),(IF($C44="토스",$E44*$F44*0.00015,(IF($C44="US",(IF($E44*$F44*0.0025>0.01,$E44*$F44*0.0025,0.01)),IF($C44="JP",(IF($E44*$F44*0.0025>1000,$E44*$F44*0.0025,1000)),(IF($C44="R토스",0,IF($C44="무상증자(신한)",0,""))))))))))) -> 96 | L44: 0 | M44: =Q44*0.002 -> 1450 | N44: =E44*200*(1-0.154) -> 16920 | O44: =J44-G44+1 -> 140 | P44: =$E44*$F44*$D44 -> 640000 | Q44: =$E44*$I44*$D44 -> 725000 | R44: =($N44-$K44-$L44-$M44)*$D44 -> 15374 | S44: =IF(Q44=0,0,Q44-P44+R44) -> 100374 | T44: =S44/P44 -> 0.15683437 | U44: =IF(O44<0,0,P44*0.05*O44/365) -> 12273.973
B45: 감성코퍼레이션 | C45: 토스 | D45: =IF(OR($C45="신한",$C45="OTC",$C45="무상증자(신한)",$C45="토스",$C45="R토스"),1,"확인") -> 1 | E45: 50 | F45: 5900 | G45: 45930 | H45: 약관 | K45: =IF($C45="OTC",ROUNDDOWN($E45*$F45*0.000909187,-1),(IF($C45="신한",ROUNDDOWN($E45*$F45*0.000036396,-1),(IF($C45="토스",$E45*$F45*0.00015,(IF($C45="US",(IF($E45*$F45*0.0025>0.01,$E45*$F45*0.0025,0.01)),IF($C45="JP",(IF($E45*$F45*0.0025>1000,$E45*$F45*0.0025,1000)),(IF($C45="R토스",0,IF($C45="무상증자(신한)",0,""))))))))))) -> 44.25 | L45: =IF($C45="OTC",ROUNDDOWN($I45*$E45*0.000909187,-1),(IF($C45="신한",ROUNDDOWN($I45*$E45*0.000036396,-1),(IF($C45="토스",$I45*$E45*0.00015,(IF($C45="US",(IF($I45*$E45*0.0025>0.01,$I45*$E45*0.0025,0.01)),(IF($C45="JP",(IF($I45*$E45*0.0025>1000,$I45*$E45*0.0025,1000)),(IF($C45="R토스",$I45*$E45*0.00015,(IF($C45="무상증자(신한)",ROUNDDOWN($I45*$E45*0.000036396,-1),""))))))))))))) -> 0 | M45: =Q45*0.002 -> 0 | N45: =E45*200*(1-0.154) -> 8460 | O45: =J45-G45+1 -> -45929 | P45: =$E45*$F45*$D45 -> 295000 | Q45: =$E45*$I45*$D45 -> 0 | R45: =($N45-$K45-$L45-$M45)*$D45 -> 8415.75 | S45: =IF(Q45=0,0,Q45-P45+R45) -> 0 | T45: =S45/P45 -> 0 | U45: =IF(O45<0,0,P45*0.05*O45/365) -> 0
B46: 감성코퍼레이션 | C46: 토스 | D46: =IF(OR($C46="신한",$C46="OTC",$C46="무상증자(신한)",$C46="토스",$C46="R토스"),1,"확인") -> 1 | E46: 35 | F46: 5800 | G46: 45940 | H46: 약관 | K46: =IF($C46="OTC",ROUNDDOWN($E46*$F46*0.000909187,-1),(IF($C46="신한",ROUNDDOWN($E46*$F46*0.000036396,-1),(IF($C46="토스",$E46*$F46*0.00015,(IF($C46="US",(IF($E46*$F46*0.0025>0.01,$E46*$F46*0.0025,0.01)),IF($C46="JP",(IF($E46*$F46*0.0025>1000,$E46*$F46*0.0025,1000)),(IF($C46="R토스",0,IF($C46="무상증자(신한)",0,""))))))))))) -> 30.45 | L46: =IF($C46="OTC",ROUNDDOWN($I46*$E46*0.000909187,-1),(IF($C46="신한",ROUNDDOWN($I46*$E46*0.000036396,-1),(IF($C46="토스",$I46*$E46*0.00015,(IF($C46="US",(IF($I46*$E46*0.0025>0.01,$I46*$E46*0.0025,0.01)),(IF($C46="JP",(IF($I46*$E46*0.0025>1000,$I46*$E46*0.0025,1000)),(IF($C46="R토스",$I46*$E46*0.00015,(IF($C46="무상증자(신한)",ROUNDDOWN($I46*$E46*0.000036396,-1),""))))))))))))) -> 0 | M46: =Q46*0.002 -> 0 | N46: =E46*200*(1-0.154) -> 5922 | O46: =J46-G46+1 -> -45939 | P46: =$E46*$F46*$D46 -> 203000 | Q46: =$E46*$I46*$D46 -> 0 | R46: =($N46-$K46-$L46-$M46)*$D46 -> 5891.55 | S46: =IF(Q46=0,0,Q46-P46+R46) -> 0 | T46: =S46/P46 -> 0 | U46: =IF(O46<0,0,P46*0.05*O46/365) -> 0
B47: 감성코퍼레이션 | C47: 토스 | D47: =IF(OR($C47="신한",$C47="OTC",$C47="무상증자(신한)",$C47="토스",$C47="R토스"),1,"확인") -> 1 | E47: 18 | F47: 5700 | G47: 45943 | K47: =IF($C47="OTC",ROUNDDOWN($E47*$F47*0.000909187,-1),(IF($C47="신한",ROUNDDOWN($E47*$F47*0.000036396,-1),(IF($C47="토스",$E47*$F47*0.00015,(IF($C47="US",(IF($E47*$F47*0.0025>0.01,$E47*$F47*0.0025,0.01)),IF($C47="JP",(IF($E47*$F47*0.0025>1000,$E47*$F47*0.0025,1000)),(IF($C47="R토스",0,IF($C47="무상증자(신한)",0,""))))))))))) -> 15.39 | L47: =IF($C47="OTC",ROUNDDOWN($I47*$E47*0.000909187,-1),(IF($C47="신한",ROUNDDOWN($I47*$E47*0.000036396,-1),(IF($C47="토스",$I47*$E47*0.00015,(IF($C47="US",(IF($I47*$E47*0.0025>0.01,$I47*$E47*0.0025,0.01)),(IF($C47="JP",(IF($I47*$E47*0.0025>1000,$I47*$E47*0.0025,1000)),(IF($C47="R토스",$I47*$E47*0.00015,(IF($C47="무상증자(신한)",ROUNDDOWN($I47*$E47*0.000036396,-1),""))))))))))))) -> 0 | M47: =Q47*0.002 -> 0 | N47: =E47*200*(1-0.154) -> 3045.6 | O47: =J47-G47+1 -> -45942 | P47: =$E47*$F47*$D47 -> 102600 | Q47: =$E47*$I47*$D47 -> 0 | R47: =($N47-$K47-$L47-$M47)*$D47 -> 3030.21 | S47: =IF(Q47=0,0,Q47-P47+R47) -> 0 | T47: =S47/P47 -> 0 | U47: =IF(O47<0,0,P47*0.05*O47/365) -> 0
B48: 감성코퍼레이션 | C48: R토스 | D48: =IF(OR($C48="신한",$C48="OTC",$C48="무상증자(신한)",$C48="토스",$C48="R토스"),1,"확인") -> 1 | E48: 20 | F48: 5590 | G48: 45946 | I48: 7550 | J48: 46063 | K48: =IF($C48="OTC",ROUNDDOWN($E48*$F48*0.000909187,-1),(IF($C48="신한",ROUNDDOWN($E48*$F48*0.000036396,-1),(IF($C48="토스",$E48*$F48*0.00015,(IF($C48="US",(IF($E48*$F48*0.0025>0.01,$E48*$F48*0.0025,0.01)),IF($C48="JP",(IF($E48*$F48*0.0025>1000,$E48*$F48*0.0025,1000)),(IF($C48="R토스",0,IF($C48="무상증자(신한)",0,""))))))))))) -> 0 | L48: 0 | M48: =Q48*0.002 -> 302 | N48: =E48*200*(1-0.154) -> 3384 | O48: =J48-G48+1 -> 118 | P48: =$E48*$F48*$D48 -> 111800 | Q48: =$E48*$I48*$D48 -> 151000 | R48: =($N48-$K48-$L48-$M48)*$D48 -> 3082 | S48: =IF(Q48=0,0,Q48-P48+R48) -> 42282 | T48: =S48/P48 -> 0.3781932
B49: 감성코퍼레이션 | C49: R토스 | D49: =IF(OR($C49="신한",$C49="OTC",$C49="무상증자(신한)",$C49="토스",$C49="R토스"),1,"확인") -> 1 | E49: 20 | F49: 5306 | G49: 45953 | I49: 7550 | J49: 46063 | K49: =IF($C49="OTC",ROUNDDOWN($E49*$F49*0.000909187,-1),(IF($C49="신한",ROUNDDOWN($E49*$F49*0.000036396,-1),(IF($C49="토스",$E49*$F49*0.00015,(IF($C49="US",(IF($E49*$F49*0.0025>0.01,$E49*$F49*0.0025,0.01)),IF($C49="JP",(IF($E49*$F49*0.0025>1000,$E49*$F49*0.0025,1000)),(IF($C49="R토스",0,IF($C49="무상증자(신한)",0,""))))))))))) -> 0 | L49: 0 | M49: =Q49*0.002 -> 302 | N49: =E49*200*(1-0.154) -> 3384 | O49: =J49-G49+1 -> 111 | P49: =$E49*$F49*$D49 -> 106120 | Q49: =$E49*$I49*$D49 -> 151000 | R49: =($N49-$K49-$L49-$M49)*$D49 -> 3082 | S49: =IF(Q49=0,0,Q49-P49+R49) -> 47962 | T49: =S49/P49 -> 0.45196005
B50: 감성코퍼레이션 | C50: 토스 | D50: =IF(OR($C50="신한",$C50="OTC",$C50="무상증자(신한)",$C50="토스",$C50="R토스"),1,"확인") -> 1 | E50: 40 | F50: 5350 | G50: 45957 | I50: 7550 | J50: 46063 | K50: =IF($C50="OTC",ROUNDDOWN($E50*$F50*0.000909187,-1),(IF($C50="신한",ROUNDDOWN($E50*$F50*0.000036396,-1),(IF($C50="토스",$E50*$F50*0.00015,(IF($C50="US",(IF($E50*$F50*0.0025>0.01,$E50*$F50*0.0025,0.01)),IF($C50="JP",(IF($E50*$F50*0.0025>1000,$E50*$F50*0.0025,1000)),(IF($C50="R토스",0,IF($C50="무상증자(신한)",0,""))))))))))) -> 32.1 | L50: 0 | M50: =Q50*0.002 -> 604 | N50: =E50*200*(1-0.154) -> 6768 | O50: =J50-G50+1 -> 107 | P50: =$E50*$F50*$D50 -> 214000 | Q50: =$E50*$I50*$D50 -> 302000 | R50: =($N50-$K50-$L50-$M50)*$D50 -> 6131.9 | S50: =IF(Q50=0,0,Q50-P50+R50) -> 94131.9 | T50: =S50/P50 -> 0.43986869 | U50: =IF(O50<0,0,P50*0.05*O50/365) -> 3136.7123
B51: 감성코퍼레이션 | C51: R토스 | D51: =IF(OR($C51="신한",$C51="OTC",$C51="무상증자(신한)",$C51="토스",$C51="R토스"),1,"확인") -> 1 | E51: 20 | F51: 5350 | G51: 45960 | I51: 7550 | J51: 46063 | K51: =IF($C51="OTC",ROUNDDOWN($E51*$F51*0.000909187,-1),(IF($C51="신한",ROUNDDOWN($E51*$F51*0.000036396,-1),(IF($C51="토스",$E51*$F51*0.00015,(IF($C51="US",(IF($E51*$F51*0.0025>0.01,$E51*$F51*0.0025,0.01)),IF($C51="JP",(IF($E51*$F51*0.0025>1000,$E51*$F51*0.0025,1000)),(IF($C51="R토스",0,IF($C51="무상증자(신한)",0,""))))))))))) -> 0 | L51: 0 | M51: =Q51*0.002 -> 302 | N51: =E51*200*(1-0.154) -> 3384 | O51: =J51-G51+1 -> 104 | P51: =$E51*$F51*$D51 -> 107000 | Q51: =$E51*$I51*$D51 -> 151000 | R51: =($N51-$K51-$L51-$M51)*$D51 -> 3082 | S51: =IF(Q51=0,0,Q51-P51+R51) -> 47082 | T51: =S51/P51 -> 0.44001869
B52: 감성코퍼레이션 | C52: R토스 | D52: =IF(OR($C52="신한",$C52="OTC",$C52="무상증자(신한)",$C52="토스",$C52="R토스"),1,"확인") -> 1 | E52: 20 | F52: 5290 | G52: 45967 | I52: 7280 | J52: 46063 | K52: =IF($C52="OTC",ROUNDDOWN($E52*$F52*0.000909187,-1),(IF($C52="신한",ROUNDDOWN($E52*$F52*0.000036396,-1),(IF($C52="토스",$E52*$F52*0.00015,(IF($C52="US",(IF($E52*$F52*0.0025>0.01,$E52*$F52*0.0025,0.01)),IF($C52="JP",(IF($E52*$F52*0.0025>1000,$E52*$F52*0.0025,1000)),(IF($C52="R토스",0,IF($C52="무상증자(신한)",0,""))))))))))) -> 0 | L52: 0 | M52: =Q52*0.002 -> 291.2 | N52: =E52*200*(1-0.154) -> 3384 | O52: =J52-G52+1 -> 97 | P52: =$E52*$F52*$D52 -> 105800 | Q52: =$E52*$I52*$D52 -> 145600 | R52: =($N52-$K52-$L52-$M52)*$D52 -> 3092.8 | S52: =IF(Q52=0,0,Q52-P52+R52) -> 42892.8 | T52: =S52/P52 -> 0.40541399
B53: 감성코퍼레이션 | C53: R토스 | D53: =IF(OR($C53="신한",$C53="OTC",$C53="무상증자(신한)",$C53="토스",$C53="R토스"),1,"확인") -> 1 | E53: 20 | F53: 5630 | G53: 45974 | I53: 7280 | J53: 46063 | K53: =IF($C53="OTC",ROUNDDOWN($E53*$F53*0.000909187,-1),(IF($C53="신한",ROUNDDOWN($E53*$F53*0.000036396,-1),(IF($C53="토스",$E53*$F53*0.00015,(IF($C53="US",(IF($E53*$F53*0.0025>0.01,$E53*$F53*0.0025,0.01)),IF($C53="JP",(IF($E53*$F53*0.0025>1000,$E53*$F53*0.0025,1000)),(IF($C53="R토스",0,IF($C53="무상증자(신한)",0,""))))))))))) -> 0 | L53: 0 | M53: =Q53*0.002 -> 291.2 | N53: =E53*200*(1-0.154) -> 3384 | O53: =J53-G53+1 -> 90 | P53: =$E53*$F53*$D53 -> 112600 | Q53: =$E53*$I53*$D53 -> 145600 | R53: =($N53-$K53-$L53-$M53)*$D53 -> 3092.8 | S53: =IF(Q53=0,0,Q53-P53+R53) -> 36092.8 | T53: =S53/P53 -> 0.32053996
B54: 감성코퍼레이션 | C54: R토스 | D54: =IF(OR($C54="신한",$C54="OTC",$C54="무상증자(신한)",$C54="토스",$C54="R토스"),1,"확인") -> 1 | E54: 20 | F54: 5950 | G54: 45981 | I54: 7280 | J54: 46063 | K54: =IF($C54="OTC",ROUNDDOWN($E54*$F54*0.000909187,-1),(IF($C54="신한",ROUNDDOWN($E54*$F54*0.000036396,-1),(IF($C54="토스",$E54*$F54*0.00015,(IF($C54="US",(IF($E54*$F54*0.0025>0.01,$E54*$F54*0.0025,0.01)),IF($C54="JP",(IF($E54*$F54*0.0025>1000,$E54*$F54*0.0025,1000)),(IF($C54="R토스",0,IF($C54="무상증자(신한)",0,""))))))))))) -> 0 | L54: 0 | M54: =Q54*0.002 -> 291.2 | N54: =E54*200*(1-0.154) -> 3384 | O54: =J54-G54+1 -> 83 | P54: =$E54*$F54*$D54 -> 119000 | Q54: =$E54*$I54*$D54 -> 145600 | R54: =($N54-$K54-$L54-$M54)*$D54 -> 3092.8 | S54: =IF(Q54=0,0,Q54-P54+R54) -> 29692.8 | T54: =S54/P54 -> 0.24951933
B55: 감성코퍼레이션 | C55: R토스 | D55: =IF(OR($C55="신한",$C55="OTC",$C55="무상증자(신한)",$C55="토스",$C55="R토스"),1,"확인") -> 1 | E55: 20 | F55: 5890 | G55: 45988 | I55: 7280 | J55: 46063 | K55: =IF($C55="OTC",ROUNDDOWN($E55*$F55*0.000909187,-1),(IF($C55="신한",ROUNDDOWN($E55*$F55*0.000036396,-1),(IF($C55="토스",$E55*$F55*0.00015,(IF($C55="US",(IF($E55*$F55*0.0025>0.01,$E55*$F55*0.0025,0.01)),IF($C55="JP",(IF($E55*$F55*0.0025>1000,$E55*$F55*0.0025,1000)),(IF($C55="R토스",0,IF($C55="무상증자(신한)",0,""))))))))))) -> 0 | L55: 0 | M55: =Q55*0.002 -> 291.2 | N55: =E55*200*(1-0.154) -> 3384 | O55: =J55-G55+1 -> 76 | P55: =$E55*$F55*$D55 -> 117800 | Q55: =$E55*$I55*$D55 -> 145600 | R55: =($N55-$K55-$L55-$M55)*$D55 -> 3092.8 | S55: =IF(Q55=0,0,Q55-P55+R55) -> 30892.8 | T55: =S55/P55 -> 0.26224788
B56: 감성코퍼레이션 | C56: R토스 | D56: =IF(OR($C56="신한",$C56="OTC",$C56="무상증자(신한)",$C56="토스",$C56="R토스"),1,"확인") -> 1 | E56: 20 | F56: 6630 | G56: 45995 | I56: 7280 | J56: 46063 | K56: =IF($C56="OTC",ROUNDDOWN($E56*$F56*0.000909187,-1),(IF($C56="신한",ROUNDDOWN($E56*$F56*0.000036396,-1),(IF($C56="토스",$E56*$F56*0.00015,(IF($C56="US",(IF($E56*$F56*0.0025>0.01,$E56*$F56*0.0025,0.01)),IF($C56="JP",(IF($E56*$F56*0.0025>1000,$E56*$F56*0.0025,1000)),(IF($C56="R토스",0,IF($C56="무상증자(신한)",0,""))))))))))) -> 0 | L56: 0 | M56: =Q56*0.002 -> 291.2 | N56: =E56*200*(1-0.154) -> 3384 | O56: =J56-G56+1 -> 69 | P56: =$E56*$F56*$D56 -> 132600 | Q56: =$E56*$I56*$D56 -> 145600 | R56: =($N56-$K56-$L56-$M56)*$D56 -> 3092.8 | S56: =IF(Q56=0,0,Q56-P56+R56) -> 16092.8 | T56: =S56/P56 -> 0.1213635
B57: 감성코퍼레이션 | C57: 토스 | D57: =IF(OR($C57="신한",$C57="OTC",$C57="무상증자(신한)",$C57="토스",$C57="R토스"),1,"확인") -> 1 | E57: 100 | F57: 7000 | G57: 46064 | I57: 6590 | J57: 46139 | K57: 0 | L57: =IF($C57="OTC",ROUNDDOWN($I57*$E57*0.000909187,-1),(IF($C57="신한",ROUNDDOWN($I57*$E57*0.000036396,-1),(IF($C57="토스",$I57*$E57*0.00015,(IF($C57="US",(IF($I57*$E57*0.0025>0.01,$I57*$E57*0.0025,0.01)),(IF($C57="JP",(IF($I57*$E57*0.0025>1000,$I57*$E57*0.0025,1000)),(IF($C57="R토스",$I57*$E57*0.00015,(IF($C57="무상증자(신한)",ROUNDDOWN($I57*$E57*0.000036396,-1),""))))))))))))) -> 98.85 | M57: =Q57*0.002 -> 1318 | O57: =J57-G57+1 -> 76 | P57: =$E57*$F57*$D57 -> 700000 | Q57: =$E57*$I57*$D57 -> 659000 | R57: =($N57-$K57-$L57-$M57)*$D57 -> -1416.85 | S57: =IF(Q57=0,0,Q57-P57+R57) -> -42416.85 | T57: =S57/P57 -> -0.0605955 | U57: =IF(O57<0,0,P57*0.05*O57/365) -> 7287.6712
B58: 감성코퍼레이션 | C58: 토스 | D58: =IF(OR($C58="신한",$C58="OTC",$C58="무상증자(신한)",$C58="토스",$C58="R토스"),1,"확인") -> 1 | E58: 200 | F58: 7050 | G58: 46064 | I58: 6590 | J58: 46139 | K58: 0 | L58: =IF($C58="OTC",ROUNDDOWN($I58*$E58*0.000909187,-1),(IF($C58="신한",ROUNDDOWN($I58*$E58*0.000036396,-1),(IF($C58="토스",$I58*$E58*0.00015,(IF($C58="US",(IF($I58*$E58*0.0025>0.01,$I58*$E58*0.0025,0.01)),(IF($C58="JP",(IF($I58*$E58*0.0025>1000,$I58*$E58*0.0025,1000)),(IF($C58="R토스",$I58*$E58*0.00015,(IF($C58="무상증자(신한)",ROUNDDOWN($I58*$E58*0.000036396,-1),""))))))))))))) -> 197.7 | M58: =Q58*0.002 -> 2636 | O58: =J58-G58+1 -> 76 | P58: =$E58*$F58*$D58 -> 1410000 | Q58: =$E58*$I58*$D58 -> 1318000 | R58: =($N58-$K58-$L58-$M58)*$D58 -> -2833.7 | S58: =IF(Q58=0,0,Q58-P58+R58) -> -94833.7 | T58: =S58/P58 -> -0.067257943 | U58: =IF(O58<0,0,P58*0.05*O58/365) -> 14679.452
B59: 감성코퍼레이션 | C59: 토스 | D59: =IF(OR($C59="신한",$C59="OTC",$C59="무상증자(신한)",$C59="토스",$C59="R토스"),1,"확인") -> 1 | E59: 100 | F59: 6840 | G59: 46139 | I59: 6590 | J59: 46139 | K59: 0 | L59: =IF($C59="OTC",ROUNDDOWN($I59*$E59*0.000909187,-1),(IF($C59="신한",ROUNDDOWN($I59*$E59*0.000036396,-1),(IF($C59="토스",$I59*$E59*0.00015,(IF($C59="US",(IF($I59*$E59*0.0025>0.01,$I59*$E59*0.0025,0.01)),(IF($C59="JP",(IF($I59*$E59*0.0025>1000,$I59*$E59*0.0025,1000)),(IF($C59="R토스",$I59*$E59*0.00015,(IF($C59="무상증자(신한)",ROUNDDOWN($I59*$E59*0.000036396,-1),""))))))))))))) -> 98.85 | M59: =Q59*0.002 -> 1318 | O59: =J59-G59+1 -> 1 | P59: =$E59*$F59*$D59 -> 684000 | Q59: =$E59*$I59*$D59 -> 659000 | R59: =($N59-$K59-$L59-$M59)*$D59 -> -1416.85 | S59: =IF(Q59=0,0,Q59-P59+R59) -> -26416.85 | T59: =S59/P59 -> -0.038621126 | U59: =IF(O59<0,0,P59*0.05*O59/365) -> 93.69863
B60: 감성코퍼레이션 | C60: 토스 | D60: =IF(OR($C60="신한",$C60="OTC",$C60="무상증자(신한)",$C60="토스",$C60="R토스"),1,"확인") -> 1 | E60: 100 | F60: 6820 | G60: 46139 | I60: 6590 | J60: 46139 | K60: 0 | L60: =IF($C60="OTC",ROUNDDOWN($I60*$E60*0.000909187,-1),(IF($C60="신한",ROUNDDOWN($I60*$E60*0.000036396,-1),(IF($C60="토스",$I60*$E60*0.00015,(IF($C60="US",(IF($I60*$E60*0.0025>0.01,$I60*$E60*0.0025,0.01)),(IF($C60="JP",(IF($I60*$E60*0.0025>1000,$I60*$E60*0.0025,1000)),(IF($C60="R토스",$I60*$E60*0.00015,(IF($C60="무상증자(신한)",ROUNDDOWN($I60*$E60*0.000036396,-1),""))))))))))))) -> 98.85 | M60: =Q60*0.002 -> 1318 | O60: =J60-G60+1 -> 1 | P60: =$E60*$F60*$D60 -> 682000 | Q60: =$E60*$I60*$D60 -> 659000 | R60: =($N60-$K60-$L60-$M60)*$D60 -> -1416.85 | S60: =IF(Q60=0,0,Q60-P60+R60) -> -24416.85 | T60: =S60/P60 -> -0.035801833 | U60: =IF(O60<0,0,P60*0.05*O60/365) -> 93.424658
B61: 감성코퍼레이션 | C61: 토스 | D61: =IF(OR($C61="신한",$C61="OTC",$C61="무상증자(신한)",$C61="토스",$C61="R토스"),1,"확인") -> 1 | E61: 200 | F61: 6800 | G61: 46139 | I61: 6590 | J61: 46139 | K61: 0 | L61: =IF($C61="OTC",ROUNDDOWN($I61*$E61*0.000909187,-1),(IF($C61="신한",ROUNDDOWN($I61*$E61*0.000036396,-1),(IF($C61="토스",$I61*$E61*0.00015,(IF($C61="US",(IF($I61*$E61*0.0025>0.01,$I61*$E61*0.0025,0.01)),(IF($C61="JP",(IF($I61*$E61*0.0025>1000,$I61*$E61*0.0025,1000)),(IF($C61="R토스",$I61*$E61*0.00015,(IF($C61="무상증자(신한)",ROUNDDOWN($I61*$E61*0.000036396,-1),""))))))))))))) -> 197.7 | M61: =Q61*0.002 -> 2636 | O61: =J61-G61+1 -> 1 | P61: =$E61*$F61*$D61 -> 1360000 | Q61: =$E61*$I61*$D61 -> 1318000 | R61: =($N61-$K61-$L61-$M61)*$D61 -> -2833.7 | S61: =IF(Q61=0,0,Q61-P61+R61) -> -44833.7 | T61: =S61/P61 -> -0.032965956 | U61: =IF(O61<0,0,P61*0.05*O61/365) -> 186.30137
B62: 감성코퍼레이션 | C62: 토스 | D62: =IF(OR($C62="신한",$C62="OTC",$C62="무상증자(신한)",$C62="토스",$C62="R토스"),1,"확인") -> 1 | E62: 100 | F62: 6670 | G62: 46139 | I62: 6590 | J62: 46139 | K62: 0 | L62: =IF($C62="OTC",ROUNDDOWN($I62*$E62*0.000909187,-1),(IF($C62="신한",ROUNDDOWN($I62*$E62*0.000036396,-1),(IF($C62="토스",$I62*$E62*0.00015,(IF($C62="US",(IF($I62*$E62*0.0025>0.01,$I62*$E62*0.0025,0.01)),(IF($C62="JP",(IF($I62*$E62*0.0025>1000,$I62*$E62*0.0025,1000)),(IF($C62="R토스",$I62*$E62*0.00015,(IF($C62="무상증자(신한)",ROUNDDOWN($I62*$E62*0.000036396,-1),""))))))))))))) -> 98.85 | M62: =Q62*0.002 -> 1318 | O62: =J62-G62+1 -> 1 | P62: =$E62*$F62*$D62 -> 667000 | Q62: =$E62*$I62*$D62 -> 659000 | R62: =($N62-$K62-$L62-$M62)*$D62 -> -1416.85 | S62: =IF(Q62=0,0,Q62-P62+R62) -> -9416.85 | T62: =S62/P62 -> -0.014118216 | U62: =IF(O62<0,0,P62*0.05*O62/365) -> 91.369863
B63: 강원랜드 | C63: 토스 | D63: =IF(OR($C63="신한",$C63="OTC",$C63="무상증자(신한)",$C63="토스",$C63="R토스"),1,"확인") -> 1 | E63: 5 | F63: 17600 | G63: 45943 | H63: 손절만회용(5만원) | K63: =IF($C63="OTC",ROUNDDOWN($E63*$F63*0.000909187,-1),(IF($C63="신한",ROUNDDOWN($E63*$F63*0.000036396,-1),(IF($C63="토스",$E63*$F63*0.00015,(IF($C63="US",(IF($E63*$F63*0.0025>0.01,$E63*$F63*0.0025,0.01)),IF($C63="JP",(IF($E63*$F63*0.0025>1000,$E63*$F63*0.0025,1000)),(IF($C63="R토스",0,IF($C63="무상증자(신한)",0,""))))))))))) -> 13.2 | L63: =IF($C63="OTC",ROUNDDOWN($I63*$E63*0.000909187,-1),(IF($C63="신한",ROUNDDOWN($I63*$E63*0.000036396,-1),(IF($C63="토스",$I63*$E63*0.00015,(IF($C63="US",(IF($I63*$E63*0.0025>0.01,$I63*$E63*0.0025,0.01)),(IF($C63="JP",(IF($I63*$E63*0.0025>1000,$I63*$E63*0.0025,1000)),(IF($C63="R토스",$I63*$E63*0.00015,(IF($C63="무상증자(신한)",ROUNDDOWN($I63*$E63*0.000036396,-1),""))))))))))))) -> 0 | M63: =Q63*0.002 -> 0 | O63: =J63-G63+1 -> -45942 | P63: =$E63*$F63*$D63 -> 88000 | Q63: =$E63*$I63*$D63 -> 0 | R63: =($N63-$K63-$L63-$M63)*$D63 -> -13.2 | S63: =IF(Q63=0,0,Q63-P63+R63) -> 0 | T63: =S63/P63 -> 0
B64: 강원랜드 | C64: 토스 | D64: =IF(OR($C64="신한",$C64="OTC",$C64="무상증자(신한)",$C64="토스",$C64="R토스"),1,"확인") -> 1 | E64: 10 | F64: 17000 | G64: 45959 | H64: 손절만회용(5만원) | K64: =IF($C64="OTC",ROUNDDOWN($E64*$F64*0.000909187,-1),(IF($C64="신한",ROUNDDOWN($E64*$F64*0.000036396,-1),(IF($C64="토스",$E64*$F64*0.00015,(IF($C64="US",(IF($E64*$F64*0.0025>0.01,$E64*$F64*0.0025,0.01)),IF($C64="JP",(IF($E64*$F64*0.0025>1000,$E64*$F64*0.0025,1000)),(IF($C64="R토스",0,IF($C64="무상증자(신한)",0,""))))))))))) -> 25.5 | L64: =IF($C64="OTC",ROUNDDOWN($I64*$E64*0.000909187,-1),(IF($C64="신한",ROUNDDOWN($I64*$E64*0.000036396,-1),(IF($C64="토스",$I64*$E64*0.00015,(IF($C64="US",(IF($I64*$E64*0.0025>0.01,$I64*$E64*0.0025,0.01)),(IF($C64="JP",(IF($I64*$E64*0.0025>1000,$I64*$E64*0.0025,1000)),(IF($C64="R토스",$I64*$E64*0.00015,(IF($C64="무상증자(신한)",ROUNDDOWN($I64*$E64*0.000036396,-1),""))))))))))))) -> 0 | M64: =Q64*0.002 -> 0 | O64: =J64-G64+1 -> -45958 | P64: =$E64*$F64*$D64 -> 170000 | Q64: =$E64*$I64*$D64 -> 0 | R64: =($N64-$K64-$L64-$M64)*$D64 -> -25.5 | S64: =IF(Q64=0,0,Q64-P64+R64) -> 0 | T64: =S64/P64 -> 0
B65: 내츄럴엔도텍 | C65: 토스 | D65: =IF(OR($C65="신한",$C65="OTC",$C65="무상증자(신한)",$C65="토스",$C65="R토스"),1,"확인") -> 1 | E65: 2 | F65: 2340 | G65: 46106 | I65: 2600 | J65: 46134 | K65: 0 | L65: 0 | M65: =Q65*0.002 -> 10.4 | O65: =J65-G65+1 -> 29 | P65: =$E65*$F65*$D65 -> 4680 | Q65: =$E65*$I65*$D65 -> 5200 | R65: =($N65-$K65-$L65-$M65)*$D65 -> -10.4 | S65: =IF(Q65=0,0,Q65-P65+R65) -> 509.6 | T65: =S65/P65 -> 0.10888889
B66: 뉴프렉스 | C66: 신한 | D66: =IF(OR($C66="신한",$C66="OTC",$C66="무상증자(신한)",$C66="토스",$C66="R토스"),1,"확인") -> 1 | E66: 2000 | F66: 6360 | G66: 46128 | I66: 6650 | J66: 46128 | K66: =IF($C66="OTC",ROUNDDOWN($E66*$F66*0.000909187,-1),(IF($C66="신한",ROUNDDOWN($E66*$F66*0.000036396,-1),(IF($C66="토스",$E66*$F66*0.00015,(IF($C66="US",(IF($E66*$F66*0.0025>0.01,$E66*$F66*0.0025,0.01)),IF($C66="JP",(IF($E66*$F66*0.0025>1000,$E66*$F66*0.0025,1000)),(IF($C66="R토스",0,IF($C66="무상증자(신한)",0,""))))))))))) -> 460 | L66: =IF($C66="OTC",ROUNDDOWN($I66*$E66*0.000909187,-1),(IF($C66="신한",ROUNDDOWN($I66*$E66*0.000036396,-1),(IF($C66="토스",$I66*$E66*0.00015,(IF($C66="US",(IF($I66*$E66*0.0025>0.01,$I66*$E66*0.0025,0.01)),(IF($C66="JP",(IF($I66*$E66*0.0025>1000,$I66*$E66*0.0025,1000)),(IF($C66="R토스",$I66*$E66*0.00015,(IF($C66="무상증자(신한)",ROUNDDOWN($I66*$E66*0.000036396,-1),""))))))))))))) -> 480 | M66: =Q66*0.002 -> 26600 | O66: =J66-G66+1 -> 1 | P66: =$E66*$F66*$D66 -> 12720000 | Q66: =$E66*$I66*$D66 -> 13300000 | R66: =($N66-$K66-$L66-$M66)*$D66 -> -27540 | S66: =IF(Q66=0,0,Q66-P66+R66) -> 552460 | T66: =S66/P66 -> 0.04343239
B67: 뉴프렉스 | C67: 토스 | D67: =IF(OR($C67="신한",$C67="OTC",$C67="무상증자(신한)",$C67="토스",$C67="R토스"),1,"확인") -> 1 | E67: 600 | F67: 6650 | G67: 45562 | I67: 6610 | J67: 46049 | K67: =IF($C67="OTC",ROUNDDOWN($E67*$F67*0.000909187,-1),(IF($C67="신한",ROUNDDOWN($E67*$F67*0.000036396,-1),(IF($C67="토스",$E67*$F67*0.00015,(IF($C67="US",(IF($E67*$F67*0.0025>0.01,$E67*$F67*0.0025,0.01)),IF($C67="JP",(IF($E67*$F67*0.0025>1000,$E67*$F67*0.0025,1000)),(IF($C67="R토스",0,IF($C67="무상증자(신한)",0,""))))))))))) -> 598.5 | L67: 0 | M67: =Q67*0.002 -> 7932 | O67: =J67-G67+1 -> 488 | P67: =$E67*$F67*$D67 -> 3990000 | Q67: =$E67*$I67*$D67 -> 3966000 | R67: =($N67-$K67-$L67-$M67)*$D67 -> -8530.5 | S67: =IF(Q67=0,0,Q67-P67+R67) -> -32530.5 | T67: =S67/P67 -> -0.0081530075
B68: 뉴프렉스 | C68: 토스 | D68: =IF(OR($C68="신한",$C68="OTC",$C68="무상증자(신한)",$C68="토스",$C68="R토스"),1,"확인") -> 1 | E68: 200 | F68: 6650 | G68: 45562 | I68: 6650 | J68: 46133 | K68: =IF($C68="OTC",ROUNDDOWN($E68*$F68*0.000909187,-1),(IF($C68="신한",ROUNDDOWN($E68*$F68*0.000036396,-1),(IF($C68="토스",$E68*$F68*0.00015,(IF($C68="US",(IF($E68*$F68*0.0025>0.01,$E68*$F68*0.0025,0.01)),IF($C68="JP",(IF($E68*$F68*0.0025>1000,$E68*$F68*0.0025,1000)),(IF($C68="R토스",0,IF($C68="무상증자(신한)",0,""))))))))))) -> 199.5 | L68: =IF($C68="OTC",ROUNDDOWN($I68*$E68*0.000909187,-1),(IF($C68="신한",ROUNDDOWN($I68*$E68*0.000036396,-1),(IF($C68="토스",$I68*$E68*0.00015,(IF($C68="US",(IF($I68*$E68*0.0025>0.01,$I68*$E68*0.0025,0.01)),(IF($C68="JP",(IF($I68*$E68*0.0025>1000,$I68*$E68*0.0025,1000)),(IF($C68="R토스",$I68*$E68*0.00015,(IF($C68="무상증자(신한)",ROUNDDOWN($I68*$E68*0.000036396,-1),""))))))))))))) -> 199.5 | M68: =Q68*0.002 -> 2660 | O68: =J68-G68+1 -> 572 | P68: =$E68*$F68*$D68 -> 1330000 | Q68: =$E68*$I68*$D68 -> 1330000 | R68: =($N68-$K68-$L68-$M68)*$D68 -> -3059 | S68: =IF(Q68=0,0,Q68-P68+R68) -> -3059 | T68: =S68/P68 -> -0.0023
B69: 뉴프렉스 | C69: 토스 | D69: =IF(OR($C69="신한",$C69="OTC",$C69="무상증자(신한)",$C69="토스",$C69="R토스"),1,"확인") -> 1 | E69: 20 | F69: 5300 | G69: 45645 | I69: 6650 | J69: 46133 | K69: =IF($C69="OTC",ROUNDDOWN($E69*$F69*0.000909187,-1),(IF($C69="신한",ROUNDDOWN($E69*$F69*0.000036396,-1),(IF($C69="토스",$E69*$F69*0.00015,(IF($C69="US",(IF($E69*$F69*0.0025>0.01,$E69*$F69*0.0025,0.01)),IF($C69="JP",(IF($E69*$F69*0.0025>1000,$E69*$F69*0.0025,1000)),(IF($C69="R토스",0,IF($C69="무상증자(신한)",0,""))))))))))) -> 15.9 | L69: =IF($C69="OTC",ROUNDDOWN($I69*$E69*0.000909187,-1),(IF($C69="신한",ROUNDDOWN($I69*$E69*0.000036396,-1),(IF($C69="토스",$I69*$E69*0.00015,(IF($C69="US",(IF($I69*$E69*0.0025>0.01,$I69*$E69*0.0025,0.01)),(IF($C69="JP",(IF($I69*$E69*0.0025>1000,$I69*$E69*0.0025,1000)),(IF($C69="R토스",$I69*$E69*0.00015,(IF($C69="무상증자(신한)",ROUNDDOWN($I69*$E69*0.000036396,-1),""))))))))))))) -> 19.95 | M69: =Q69*0.002 -> 266 | O69: =J69-G69+1 -> 489 | P69: =$E69*$F69*$D69 -> 106000 | Q69: =$E69*$I69*$D69 -> 133000 | R69: =($N69-$K69-$L69-$M69)*$D69 -> -301.85 | S69: =IF(Q69=0,0,Q69-P69+R69) -> 26698.15 | T69: =S69/P69 -> 0.25186934 | X69: =6650*1.1 -> 7315
B70: 뉴프렉스 | C70: 토스 | D70: =IF(OR($C70="신한",$C70="OTC",$C70="무상증자(신한)",$C70="토스",$C70="R토스"),1,"확인") -> 1 | E70: 30 | F70: 5000 | G70: 45646 | I70: 6650 | J70: 46133 | K70: =IF($C70="OTC",ROUNDDOWN($E70*$F70*0.000909187,-1),(IF($C70="신한",ROUNDDOWN($E70*$F70*0.000036396,-1),(IF($C70="토스",$E70*$F70*0.00015,(IF($C70="US",(IF($E70*$F70*0.0025>0.01,$E70*$F70*0.0025,0.01)),IF($C70="JP",(IF($E70*$F70*0.0025>1000,$E70*$F70*0.0025,1000)),(IF($C70="R토스",0,IF($C70="무상증자(신한)",0,""))))))))))) -> 22.5 | L70: =IF($C70="OTC",ROUNDDOWN($I70*$E70*0.000909187,-1),(IF($C70="신한",ROUNDDOWN($I70*$E70*0.000036396,-1),(IF($C70="토스",$I70*$E70*0.00015,(IF($C70="US",(IF($I70*$E70*0.0025>0.01,$I70*$E70*0.0025,0.01)),(IF($C70="JP",(IF($I70*$E70*0.0025>1000,$I70*$E70*0.0025,1000)),(IF($C70="R토스",$I70*$E70*0.00015,(IF($C70="무상증자(신한)",ROUNDDOWN($I70*$E70*0.000036396,-1),""))))))))))))) -> 29.925 | M70: =Q70*0.002 -> 399 | O70: =J70-G70+1 -> 488 | P70: =$E70*$F70*$D70 -> 150000 | Q70: =$E70*$I70*$D70 -> 199500 | R70: =($N70-$K70-$L70-$M70)*$D70 -> -451.425 | S70: =IF(Q70=0,0,Q70-P70+R70) -> 49048.575 | T70: =S70/P70 -> 0.3269905
B71: 뉴프렉스 | C71: 토스 | D71: =IF(OR($C71="신한",$C71="OTC",$C71="무상증자(신한)",$C71="토스",$C71="R토스"),1,"확인") -> 1 | E71: 18 | F71: 5550 | G71: 45667 | I71: 6650 | J71: 46133 | K71: =IF($C71="OTC",ROUNDDOWN($E71*$F71*0.000909187,-1),(IF($C71="신한",ROUNDDOWN($E71*$F71*0.000036396,-1),(IF($C71="토스",$E71*$F71*0.00015,(IF($C71="US",(IF($E71*$F71*0.0025>0.01,$E71*$F71*0.0025,0.01)),IF($C71="JP",(IF($E71*$F71*0.0025>1000,$E71*$F71*0.0025,1000)),(IF($C71="R토스",0,IF($C71="무상증자(신한)",0,""))))))))))) -> 14.985 | L71: =IF($C71="OTC",ROUNDDOWN($I71*$E71*0.000909187,-1),(IF($C71="신한",ROUNDDOWN($I71*$E71*0.000036396,-1),(IF($C71="토스",$I71*$E71*0.00015,(IF($C71="US",(IF($I71*$E71*0.0025>0.01,$I71*$E71*0.0025,0.01)),(IF($C71="JP",(IF($I71*$E71*0.0025>1000,$I71*$E71*0.0025,1000)),(IF($C71="R토스",$I71*$E71*0.00015,(IF($C71="무상증자(신한)",ROUNDDOWN($I71*$E71*0.000036396,-1),""))))))))))))) -> 17.955 | M71: =Q71*0.002 -> 239.4 | O71: =J71-G71+1 -> 467 | P71: =$E71*$F71*$D71 -> 99900 | Q71: =$E71*$I71*$D71 -> 119700 | R71: =($N71-$K71-$L71-$M71)*$D71 -> -272.34 | S71: =IF(Q71=0,0,Q71-P71+R71) -> 19527.66 | T71: =S71/P71 -> 0.19547207 | V71: =8700000*0.0015 -> 13050
B72: 뉴프렉스 | C72: 토스 | D72: =IF(OR($C72="신한",$C72="OTC",$C72="무상증자(신한)",$C72="토스",$C72="R토스"),1,"확인") -> 1 | E72: 20 | F72: 5300 | G72: 45674 | I72: 6650 | J72: 46133 | K72: =IF($C72="OTC",ROUNDDOWN($E72*$F72*0.000909187,-1),(IF($C72="신한",ROUNDDOWN($E72*$F72*0.000036396,-1),(IF($C72="토스",$E72*$F72*0.00015,(IF($C72="US",(IF($E72*$F72*0.0025>0.01,$E72*$F72*0.0025,0.01)),IF($C72="JP",(IF($E72*$F72*0.0025>1000,$E72*$F72*0.0025,1000)),(IF($C72="R토스",0,IF($C72="무상증자(신한)",0,""))))))))))) -> 15.9 | L72: =IF($C72="OTC",ROUNDDOWN($I72*$E72*0.000909187,-1),(IF($C72="신한",ROUNDDOWN($I72*$E72*0.000036396,-1),(IF($C72="토스",$I72*$E72*0.00015,(IF($C72="US",(IF($I72*$E72*0.0025>0.01,$I72*$E72*0.0025,0.01)),(IF($C72="JP",(IF($I72*$E72*0.0025>1000,$I72*$E72*0.0025,1000)),(IF($C72="R토스",$I72*$E72*0.00015,(IF($C72="무상증자(신한)",ROUNDDOWN($I72*$E72*0.000036396,-1),""))))))))))))) -> 19.95 | M72: =Q72*0.002 -> 266 | O72: =J72-G72+1 -> 460 | P72: =$E72*$F72*$D72 -> 106000 | Q72: =$E72*$I72*$D72 -> 133000 | R72: =($N72-$K72-$L72-$M72)*$D72 -> -301.85 | S72: =IF(Q72=0,0,Q72-P72+R72) -> 26698.15 | T72: =S72/P72 -> 0.25186934 | AH72: K-OTC
B73: 뉴프렉스 | C73: 토스 | D73: =IF(OR($C73="신한",$C73="OTC",$C73="무상증자(신한)",$C73="토스",$C73="R토스"),1,"확인") -> 1 | E73: 60 | F73: 5250 | G73: 45714 | I73: 6650 | J73: 46133 | K73: =IF($C73="OTC",ROUNDDOWN($E73*$F73*0.000909187,-1),(IF($C73="신한",ROUNDDOWN($E73*$F73*0.000036396,-1),(IF($C73="토스",$E73*$F73*0.00015,(IF($C73="US",(IF($E73*$F73*0.0025>0.01,$E73*$F73*0.0025,0.01)),IF($C73="JP",(IF($E73*$F73*0.0025>1000,$E73*$F73*0.0025,1000)),(IF($C73="R토스",0,IF($C73="무상증자(신한)",0,""))))))))))) -> 47.25 | L73: =IF($C73="OTC",ROUNDDOWN($I73*$E73*0.000909187,-1),(IF($C73="신한",ROUNDDOWN($I73*$E73*0.000036396,-1),(IF($C73="토스",$I73*$E73*0.00015,(IF($C73="US",(IF($I73*$E73*0.0025>0.01,$I73*$E73*0.0025,0.01)),(IF($C73="JP",(IF($I73*$E73*0.0025>1000,$I73*$E73*0.0025,1000)),(IF($C73="R토스",$I73*$E73*0.00015,(IF($C73="무상증자(신한)",ROUNDDOWN($I73*$E73*0.000036396,-1),""))))))))))))) -> 59.85 | M73: =Q73*0.002 -> 798 | O73: =J73-G73+1 -> 420 | P73: =$E73*$F73*$D73 -> 315000 | Q73: =$E73*$I73*$D73 -> 399000 | R73: =($N73-$K73-$L73-$M73)*$D73 -> -905.1 | S73: =IF(Q73=0,0,Q73-P73+R73) -> 83094.9 | T73: =S73/P73 -> 0.26379333
B74: 뉴프렉스 | C74: 토스 | D74: =IF(OR($C74="신한",$C74="OTC",$C74="무상증자(신한)",$C74="토스",$C74="R토스"),1,"확인") -> 1 | E74: 19 | F74: 5170 | G74: 45715 | I74: 6650 | J74: 46133 | K74: =IF($C74="OTC",ROUNDDOWN($E74*$F74*0.000909187,-1),(IF($C74="신한",ROUNDDOWN($E74*$F74*0.000036396,-1),(IF($C74="토스",$E74*$F74*0.00015,(IF($C74="US",(IF($E74*$F74*0.0025>0.01,$E74*$F74*0.0025,0.01)),IF($C74="JP",(IF($E74*$F74*0.0025>1000,$E74*$F74*0.0025,1000)),(IF($C74="R토스",0,IF($C74="무상증자(신한)",0,""))))))))))) -> 14.7345 | L74: =IF($C74="OTC",ROUNDDOWN($I74*$E74*0.000909187,-1),(IF($C74="신한",ROUNDDOWN($I74*$E74*0.000036396,-1),(IF($C74="토스",$I74*$E74*0.00015,(IF($C74="US",(IF($I74*$E74*0.0025>0.01,$I74*$E74*0.0025,0.01)),(IF($C74="JP",(IF($I74*$E74*0.0025>1000,$I74*$E74*0.0025,1000)),(IF($C74="R토스",$I74*$E74*0.00015,(IF($C74="무상증자(신한)",ROUNDDOWN($I74*$E74*0.000036396,-1),""))))))))))))) -> 18.9525 | M74: =Q74*0.002 -> 252.7 | O74: =J74-G74+1 -> 419 | P74: =$E74*$F74*$D74 -> 98230 | Q74: =$E74*$I74*$D74 -> 126350 | R74: =($N74-$K74-$L74-$M74)*$D74 -> -286.387 | S74: =IF(Q74=0,0,Q74-P74+R74) -> 27833.613 | T74: =S74/P74 -> 0.28335145
B75: 뉴프렉스 | C75: 토스 | D75: =IF(OR($C75="신한",$C75="OTC",$C75="무상증자(신한)",$C75="토스",$C75="R토스"),1,"확인") -> 1 | E75: 21 | F75: 4780 | G75: 45720 | I75: 6650 | J75: 46133 | K75: =IF($C75="OTC",ROUNDDOWN($E75*$F75*0.000909187,-1),(IF($C75="신한",ROUNDDOWN($E75*$F75*0.000036396,-1),(IF($C75="토스",$E75*$F75*0.00015,(IF($C75="US",(IF($E75*$F75*0.0025>0.01,$E75*$F75*0.0025,0.01)),IF($C75="JP",(IF($E75*$F75*0.0025>1000,$E75*$F75*0.0025,1000)),(IF($C75="R토스",0,IF($C75="무상증자(신한)",0,""))))))))))) -> 15.057 | L75: =IF($C75="OTC",ROUNDDOWN($I75*$E75*0.000909187,-1),(IF($C75="신한",ROUNDDOWN($I75*$E75*0.000036396,-1),(IF($C75="토스",$I75*$E75*0.00015,(IF($C75="US",(IF($I75*$E75*0.0025>0.01,$I75*$E75*0.0025,0.01)),(IF($C75="JP",(IF($I75*$E75*0.0025>1000,$I75*$E75*0.0025,1000)),(IF($C75="R토스",$I75*$E75*0.00015,(IF($C75="무상증자(신한)",ROUNDDOWN($I75*$E75*0.000036396,-1),""))))))))))))) -> 20.9475 | M75: =Q75*0.002 -> 279.3 | O75: =J75-G75+1 -> 414 | P75: =$E75*$F75*$D75 -> 100380 | Q75: =$E75*$I75*$D75 -> 139650 | R75: =($N75-$K75-$L75-$M75)*$D75 -> -315.3045 | S75: =IF(Q75=0,0,Q75-P75+R75) -> 38954.696 | T75: =S75/P75 -> 0.38807228
B76: 뉴프렉스 | C76: 토스 | D76: =IF(OR($C76="신한",$C76="OTC",$C76="무상증자(신한)",$C76="토스",$C76="R토스"),1,"확인") -> 1 | E76: 12 | F76: 4800 | G76: 45729 | I76: 6650 | J76: 46133 | K76: =IF($C76="OTC",ROUNDDOWN($E76*$F76*0.000909187,-1),(IF($C76="신한",ROUNDDOWN($E76*$F76*0.000036396,-1),(IF($C76="토스",$E76*$F76*0.00015,(IF($C76="US",(IF($E76*$F76*0.0025>0.01,$E76*$F76*0.0025,0.01)),IF($C76="JP",(IF($E76*$F76*0.0025>1000,$E76*$F76*0.0025,1000)),(IF($C76="R토스",0,IF($C76="무상증자(신한)",0,""))))))))))) -> 8.64 | L76: =IF($C76="OTC",ROUNDDOWN($I76*$E76*0.000909187,-1),(IF($C76="신한",ROUNDDOWN($I76*$E76*0.000036396,-1),(IF($C76="토스",$I76*$E76*0.00015,(IF($C76="US",(IF($I76*$E76*0.0025>0.01,$I76*$E76*0.0025,0.01)),(IF($C76="JP",(IF($I76*$E76*0.0025>1000,$I76*$E76*0.0025,1000)),(IF($C76="R토스",$I76*$E76*0.00015,(IF($C76="무상증자(신한)",ROUNDDOWN($I76*$E76*0.000036396,-1),""))))))))))))) -> 11.97 | M76: =Q76*0.002 -> 159.6 | O76: =J76-G76+1 -> 405 | P76: =$E76*$F76*$D76 -> 57600 | Q76: =$E76*$I76*$D76 -> 79800 | R76: =($N76-$K76-$L76-$M76)*$D76 -> -180.21 | S76: =IF(Q76=0,0,Q76-P76+R76) -> 22019.79 | T76: =S76/P76 -> 0.38228802
B77: 뉴프렉스 | C77: 토스 | D77: =IF(OR($C77="신한",$C77="OTC",$C77="무상증자(신한)",$C77="토스",$C77="R토스"),1,"확인") -> 1 | E77: 10 | F77: 4780 | G77: 45736 | I77: 6650 | J77: 46133 | K77: =IF($C77="OTC",ROUNDDOWN($E77*$F77*0.000909187,-1),(IF($C77="신한",ROUNDDOWN($E77*$F77*0.000036396,-1),(IF($C77="토스",$E77*$F77*0.00015,(IF($C77="US",(IF($E77*$F77*0.0025>0.01,$E77*$F77*0.0025,0.01)),IF($C77="JP",(IF($E77*$F77*0.0025>1000,$E77*$F77*0.0025,1000)),(IF($C77="R토스",0,IF($C77="무상증자(신한)",0,""))))))))))) -> 7.17 | L77: =IF($C77="OTC",ROUNDDOWN($I77*$E77*0.000909187,-1),(IF($C77="신한",ROUNDDOWN($I77*$E77*0.000036396,-1),(IF($C77="토스",$I77*$E77*0.00015,(IF($C77="US",(IF($I77*$E77*0.0025>0.01,$I77*$E77*0.0025,0.01)),(IF($C77="JP",(IF($I77*$E77*0.0025>1000,$I77*$E77*0.0025,1000)),(IF($C77="R토스",$I77*$E77*0.00015,(IF($C77="무상증자(신한)",ROUNDDOWN($I77*$E77*0.000036396,-1),""))))))))))))) -> 9.975 | M77: =Q77*0.002 -> 133 | O77: =J77-G77+1 -> 398 | P77: =$E77*$F77*$D77 -> 47800 | Q77: =$E77*$I77*$D77 -> 66500 | R77: =($N77-$K77-$L77-$M77)*$D77 -> -150.145 | S77: =IF(Q77=0,0,Q77-P77+R77) -> 18549.855 | T77: =S77/P77 -> 0.38807228
B78: 뉴프렉스 | C78: 토스 | D78: =IF(OR($C78="신한",$C78="OTC",$C78="무상증자(신한)",$C78="토스",$C78="R토스"),1,"확인") -> 1 | E78: 20 | F78: 3950 | G78: 45754 | I78: 6650 | J78: 46133 | K78: =IF($C78="OTC",ROUNDDOWN($E78*$F78*0.000909187,-1),(IF($C78="신한",ROUNDDOWN($E78*$F78*0.000036396,-1),(IF($C78="토스",$E78*$F78*0.00015,(IF($C78="US",(IF($E78*$F78*0.0025>0.01,$E78*$F78*0.0025,0.01)),IF($C78="JP",(IF($E78*$F78*0.0025>1000,$E78*$F78*0.0025,1000)),(IF($C78="R토스",0,IF($C78="무상증자(신한)",0,""))))))))))) -> 11.85 | L78: =IF($C78="OTC",ROUNDDOWN($I78*$E78*0.000909187,-1),(IF($C78="신한",ROUNDDOWN($I78*$E78*0.000036396,-1),(IF($C78="토스",$I78*$E78*0.00015,(IF($C78="US",(IF($I78*$E78*0.0025>0.01,$I78*$E78*0.0025,0.01)),(IF($C78="JP",(IF($I78*$E78*0.0025>1000,$I78*$E78*0.0025,1000)),(IF($C78="R토스",$I78*$E78*0.00015,(IF($C78="무상증자(신한)",ROUNDDOWN($I78*$E78*0.000036396,-1),""))))))))))))) -> 19.95 | M78: =Q78*0.002 -> 266 | O78: =J78-G78+1 -> 380 | P78: =$E78*$F78*$D78 -> 79000 | Q78: =$E78*$I78*$D78 -> 133000 | R78: =($N78-$K78-$L78-$M78)*$D78 -> -297.8 | S78: =IF(Q78=0,0,Q78-P78+R78) -> 53702.2 | T78: =S78/P78 -> 0.67977468
B79: 뉴프렉스 | C79: 토스 | D79: =IF(OR($C79="신한",$C79="OTC",$C79="무상증자(신한)",$C79="토스",$C79="R토스"),1,"확인") -> 1 | E79: 100 | F79: 4530 | G79: 45826 | H79: 약관 | I79: 6650 | J79: 46133 | K79: =IF($C79="OTC",ROUNDDOWN($E79*$F79*0.000909187,-1),(IF($C79="신한",ROUNDDOWN($E79*$F79*0.000036396,-1),(IF($C79="토스",$E79*$F79*0.00015,(IF($C79="US",(IF($E79*$F79*0.0025>0.01,$E79*$F79*0.0025,0.01)),IF($C79="JP",(IF($E79*$F79*0.0025>1000,$E79*$F79*0.0025,1000)),(IF($C79="R토스",0,IF($C79="무상증자(신한)",0,""))))))))))) -> 67.95 | L79: =IF($C79="OTC",ROUNDDOWN($I79*$E79*0.000909187,-1),(IF($C79="신한",ROUNDDOWN($I79*$E79*0.000036396,-1),(IF($C79="토스",$I79*$E79*0.00015,(IF($C79="US",(IF($I79*$E79*0.0025>0.01,$I79*$E79*0.0025,0.01)),(IF($C79="JP",(IF($I79*$E79*0.0025>1000,$I79*$E79*0.0025,1000)),(IF($C79="R토스",$I79*$E79*0.00015,(IF($C79="무상증자(신한)",ROUNDDOWN($I79*$E79*0.000036396,-1),""))))))))))))) -> 99.75 | M79: =Q79*0.002 -> 1330 | O79: =J79-G79+1 -> 308 | P79: =$E79*$F79*$D79 -> 453000 | Q79: =$E79*$I79*$D79 -> 665000 | R79: =($N79-$K79-$L79-$M79)*$D79 -> -1497.7 | S79: =IF(Q79=0,0,Q79-P79+R79) -> 210502.3 | T79: =S79/P79 -> 0.46468499 | U79: =IF(O79<0,0,P79*0.05*O79/365) -> 19112.877
B80: 뉴프렉스 | C80: 토스 | D80: =IF(OR($C80="신한",$C80="OTC",$C80="무상증자(신한)",$C80="토스",$C80="R토스"),1,"확인") -> 1 | E80: 20 | F80: 5480 | G80: 45922 | H80: 약관 | I80: 6650 | J80: 46133 | K80: =IF($C80="OTC",ROUNDDOWN($E80*$F80*0.000909187,-1),(IF($C80="신한",ROUNDDOWN($E80*$F80*0.000036396,-1),(IF($C80="토스",$E80*$F80*0.00015,(IF($C80="US",(IF($E80*$F80*0.0025>0.01,$E80*$F80*0.0025,0.01)),IF($C80="JP",(IF($E80*$F80*0.0025>1000,$E80*$F80*0.0025,1000)),(IF($C80="R토스",0,IF($C80="무상증자(신한)",0,""))))))))))) -> 16.44 | L80: =IF($C80="OTC",ROUNDDOWN($I80*$E80*0.000909187,-1),(IF($C80="신한",ROUNDDOWN($I80*$E80*0.000036396,-1),(IF($C80="토스",$I80*$E80*0.00015,(IF($C80="US",(IF($I80*$E80*0.0025>0.01,$I80*$E80*0.0025,0.01)),(IF($C80="JP",(IF($I80*$E80*0.0025>1000,$I80*$E80*0.0025,1000)),(IF($C80="R토스",$I80*$E80*0.00015,(IF($C80="무상증자(신한)",ROUNDDOWN($I80*$E80*0.000036396,-1),""))))))))))))) -> 19.95 | M80: =Q80*0.002 -> 266 | O80: =J80-G80+1 -> 212 | P80: =$E80*$F80*$D80 -> 109600 | Q80: =$E80*$I80*$D80 -> 133000 | R80: =($N80-$K80-$L80-$M80)*$D80 -> -302.39 | S80: =IF(Q80=0,0,Q80-P80+R80) -> 23097.61 | T80: =S80/P80 -> 0.21074462 | U80: =IF(O80<0,0,P80*0.05*O80/365) -> 3182.9041
B81: 뉴프렉스 | C81: 토스 | D81: =IF(OR($C81="신한",$C81="OTC",$C81="무상증자(신한)",$C81="토스",$C81="R토스"),1,"확인") -> 1 | E81: 50 | F81: 5300 | G81: 45924 | H81: 약관 | I81: 6650 | J81: 46133 | K81: =IF($C81="OTC",ROUNDDOWN($E81*$F81*0.000909187,-1),(IF($C81="신한",ROUNDDOWN($E81*$F81*0.000036396,-1),(IF($C81="토스",$E81*$F81*0.00015,(IF($C81="US",(IF($E81*$F81*0.0025>0.01,$E81*$F81*0.0025,0.01)),IF($C81="JP",(IF($E81*$F81*0.0025>1000,$E81*$F81*0.0025,1000)),(IF($C81="R토스",0,IF($C81="무상증자(신한)",0,""))))))))))) -> 39.75 | L81: =IF($C81="OTC",ROUNDDOWN($I81*$E81*0.000909187,-1),(IF($C81="신한",ROUNDDOWN($I81*$E81*0.000036396,-1),(IF($C81="토스",$I81*$E81*0.00015,(IF($C81="US",(IF($I81*$E81*0.0025>0.01,$I81*$E81*0.0025,0.01)),(IF($C81="JP",(IF($I81*$E81*0.0025>1000,$I81*$E81*0.0025,1000)),(IF($C81="R토스",$I81*$E81*0.00015,(IF($C81="무상증자(신한)",ROUNDDOWN($I81*$E81*0.000036396,-1),""))))))))))))) -> 49.875 | M81: =Q81*0.002 -> 665 | O81: =J81-G81+1 -> 210 | P81: =$E81*$F81*$D81 -> 265000 | Q81: =$E81*$I81*$D81 -> 332500 | R81: =($N81-$K81-$L81-$M81)*$D81 -> -754.625 | S81: =IF(Q81=0,0,Q81-P81+R81) -> 66745.375 | T81: =S81/P81 -> 0.25186934 | U81: =IF(O81<0,0,P81*0.05*O81/365) -> 7623.2877
B82: 뉴프렉스 | C82: 토스 | D82: =IF(OR($C82="신한",$C82="OTC",$C82="무상증자(신한)",$C82="토스",$C82="R토스"),1,"확인") -> 1 | E82: 50 | F82: 5300 | G82: 45953 | I82: 6650 | J82: 46133 | K82: =IF($C82="OTC",ROUNDDOWN($E82*$F82*0.000909187,-1),(IF($C82="신한",ROUNDDOWN($E82*$F82*0.000036396,-1),(IF($C82="토스",$E82*$F82*0.00015,(IF($C82="US",(IF($E82*$F82*0.0025>0.01,$E82*$F82*0.0025,0.01)),IF($C82="JP",(IF($E82*$F82*0.0025>1000,$E82*$F82*0.0025,1000)),(IF($C82="R토스",0,IF($C82="무상증자(신한)",0,""))))))))))) -> 39.75 | L82: =IF($C82="OTC",ROUNDDOWN($I82*$E82*0.000909187,-1),(IF($C82="신한",ROUNDDOWN($I82*$E82*0.000036396,-1),(IF($C82="토스",$I82*$E82*0.00015,(IF($C82="US",(IF($I82*$E82*0.0025>0.01,$I82*$E82*0.0025,0.01)),(IF($C82="JP",(IF($I82*$E82*0.0025>1000,$I82*$E82*0.0025,1000)),(IF($C82="R토스",$I82*$E82*0.00015,(IF($C82="무상증자(신한)",ROUNDDOWN($I82*$E82*0.000036396,-1),""))))))))))))) -> 49.875 | M82: =Q82*0.002 -> 665 | O82: =J82-G82+1 -> 181 | P82: =$E82*$F82*$D82 -> 265000 | Q82: =$E82*$I82*$D82 -> 332500 | R82: =($N82-$K82-$L82-$M82)*$D82 -> -754.625 | S82: =IF(Q82=0,0,Q82-P82+R82) -> 66745.375 | T82: =S82/P82 -> 0.25186934 | U82: =IF(O82<0,0,P82*0.05*O82/365) -> 6570.5479
B83: 뉴프렉스 | C83: R토스 | D83: =IF(OR($C83="신한",$C83="OTC",$C83="무상증자(신한)",$C83="토스",$C83="R토스"),1,"확인") -> 1 | E83: 5 | F83: 5180 | G83: 46002 | I83: 6650 | J83: 46133 | K83: =IF($C83="OTC",ROUNDDOWN($E83*$F83*0.000909187,-1),(IF($C83="신한",ROUNDDOWN($E83*$F83*0.000036396,-1),(IF($C83="토스",$E83*$F83*0.00015,(IF($C83="US",(IF($E83*$F83*0.0025>0.01,$E83*$F83*0.0025,0.01)),IF($C83="JP",(IF($E83*$F83*0.0025>1000,$E83*$F83*0.0025,1000)),(IF($C83="R토스",0,IF($C83="무상증자(신한)",0,""))))))))))) -> 0 | L83: =IF($C83="OTC",ROUNDDOWN($I83*$E83*0.000909187,-1),(IF($C83="신한",ROUNDDOWN($I83*$E83*0.000036396,-1),(IF($C83="토스",$I83*$E83*0.00015,(IF($C83="US",(IF($I83*$E83*0.0025>0.01,$I83*$E83*0.0025,0.01)),(IF($C83="JP",(IF($I83*$E83*0.0025>1000,$I83*$E83*0.0025,1000)),(IF($C83="R토스",$I83*$E83*0.00015,(IF($C83="무상증자(신한)",ROUNDDOWN($I83*$E83*0.000036396,-1),""))))))))))))) -> 4.9875 | M83: =Q83*0.002 -> 66.5 | O83: =J83-G83+1 -> 132 | P83: =$E83*$F83*$D83 -> 25900 | Q83: =$E83*$I83*$D83 -> 33250 | R83: =($N83-$K83-$L83-$M83)*$D83 -> -71.4875 | S83: =IF(Q83=0,0,Q83-P83+R83) -> 7278.5125 | T83: =S83/P83 -> 0.28102365 | U83: =IF(O83<0,0,P83*0.05*O83/365) -> 468.32877
B84: 뉴프렉스 | C84: R토스 | D84: =IF(OR($C84="신한",$C84="OTC",$C84="무상증자(신한)",$C84="토스",$C84="R토스"),1,"확인") -> 1 | E84: 5 | F84: 5040 | G84: 46009 | I84: 6650 | J84: 46133 | K84: =IF($C84="OTC",ROUNDDOWN($E84*$F84*0.000909187,-1),(IF($C84="신한",ROUNDDOWN($E84*$F84*0.000036396,-1),(IF($C84="토스",$E84*$F84*0.00015,(IF($C84="US",(IF($E84*$F84*0.0025>0.01,$E84*$F84*0.0025,0.01)),IF($C84="JP",(IF($E84*$F84*0.0025>1000,$E84*$F84*0.0025,1000)),(IF($C84="R토스",0,IF($C84="무상증자(신한)",0,""))))))))))) -> 0 | L84: =IF($C84="OTC",ROUNDDOWN($I84*$E84*0.000909187,-1),(IF($C84="신한",ROUNDDOWN($I84*$E84*0.000036396,-1),(IF($C84="토스",$I84*$E84*0.00015,(IF($C84="US",(IF($I84*$E84*0.0025>0.01,$I84*$E84*0.0025,0.01)),(IF($C84="JP",(IF($I84*$E84*0.0025>1000,$I84*$E84*0.0025,1000)),(IF($C84="R토스",$I84*$E84*0.00015,(IF($C84="무상증자(신한)",ROUNDDOWN($I84*$E84*0.000036396,-1),""))))))))))))) -> 4.9875 | M84: =Q84*0.002 -> 66.5 | O84: =J84-G84+1 -> 125 | P84: =$E84*$F84*$D84 -> 25200 | Q84: =$E84*$I84*$D84 -> 33250 | R84: =($N84-$K84-$L84-$M84)*$D84 -> -71.4875 | S84: =IF(Q84=0,0,Q84-P84+R84) -> 7978.5125 | T84: =S84/P84 -> 0.31660764 | U84: =IF(O84<0,0,P84*0.05*O84/365) -> 431.50685
B85: 뉴프렉스 | C85: R토스 | D85: =IF(OR($C85="신한",$C85="OTC",$C85="무상증자(신한)",$C85="토스",$C85="R토스"),1,"확인") -> 1 | E85: 5 | F85: 4965 | G85: 46017 | I85: 6650 | J85: 46133 | K85: =IF($C85="OTC",ROUNDDOWN($E85*$F85*0.000909187,-1),(IF($C85="신한",ROUNDDOWN($E85*$F85*0.000036396,-1),(IF($C85="토스",$E85*$F85*0.00015,(IF($C85="US",(IF($E85*$F85*0.0025>0.01,$E85*$F85*0.0025,0.01)),IF($C85="JP",(IF($E85*$F85*0.0025>1000,$E85*$F85*0.0025,1000)),(IF($C85="R토스",0,IF($C85="무상증자(신한)",0,""))))))))))) -> 0 | L85: =IF($C85="OTC",ROUNDDOWN($I85*$E85*0.000909187,-1),(IF($C85="신한",ROUNDDOWN($I85*$E85*0.000036396,-1),(IF($C85="토스",$I85*$E85*0.00015,(IF($C85="US",(IF($I85*$E85*0.0025>0.01,$I85*$E85*0.0025,0.01)),(IF($C85="JP",(IF($I85*$E85*0.0025>1000,$I85*$E85*0.0025,1000)),(IF($C85="R토스",$I85*$E85*0.00015,(IF($C85="무상증자(신한)",ROUNDDOWN($I85*$E85*0.000036396,-1),""))))))))))))) -> 4.9875 | M85: =Q85*0.002 -> 66.5 | O85: =J85-G85+1 -> 117 | P85: =$E85*$F85*$D85 -> 24825 | Q85: =$E85*$I85*$D85 -> 33250 | R85: =($N85-$K85-$L85-$M85)*$D85 -> -71.4875 | S85: =IF(Q85=0,0,Q85-P85+R85) -> 8353.5125 | T85: =S85/P85 -> 0.33649597 | U85: =IF(O85<0,0,P85*0.05*O85/365) -> 397.88014
B86: 뉴프렉스 | C86: R토스 | D86: =IF(OR($C86="신한",$C86="OTC",$C86="무상증자(신한)",$C86="토스",$C86="R토스"),1,"확인") -> 1 | E86: 5 | F86: 5090 | G86: 46024 | I86: 6650 | J86: 46133 | K86: =IF($C86="OTC",ROUNDDOWN($E86*$F86*0.000909187,-1),(IF($C86="신한",ROUNDDOWN($E86*$F86*0.000036396,-1),(IF($C86="토스",$E86*$F86*0.00015,(IF($C86="US",(IF($E86*$F86*0.0025>0.01,$E86*$F86*0.0025,0.01)),IF($C86="JP",(IF($E86*$F86*0.0025>1000,$E86*$F86*0.0025,1000)),(IF($C86="R토스",0,IF($C86="무상증자(신한)",0,""))))))))))) -> 0 | L86: =IF($C86="OTC",ROUNDDOWN($I86*$E86*0.000909187,-1),(IF($C86="신한",ROUNDDOWN($I86*$E86*0.000036396,-1),(IF($C86="토스",$I86*$E86*0.00015,(IF($C86="US",(IF($I86*$E86*0.0025>0.01,$I86*$E86*0.0025,0.01)),(IF($C86="JP",(IF($I86*$E86*0.0025>1000,$I86*$E86*0.0025,1000)),(IF($C86="R토스",$I86*$E86*0.00015,(IF($C86="무상증자(신한)",ROUNDDOWN($I86*$E86*0.000036396,-1),""))))))))))))) -> 4.9875 | M86: =Q86*0.002 -> 66.5 | O86: =J86-G86+1 -> 110 | P86: =$E86*$F86*$D86 -> 25450 | Q86: =$E86*$I86*$D86 -> 33250 | R86: =($N86-$K86-$L86-$M86)*$D86 -> -71.4875 | S86: =IF(Q86=0,0,Q86-P86+R86) -> 7728.5125 | T86: =S86/P86 -> 0.30367436 | U86: =IF(O86<0,0,P86*0.05*O86/365) -> 383.49315
B87: 뉴프렉스 | C87: R토스 | D87: =IF(OR($C87="신한",$C87="OTC",$C87="무상증자(신한)",$C87="토스",$C87="R토스"),1,"확인") -> 1 | E87: 5 | F87: 5190 | G87: 46030 | I87: 6650 | J87: 46133 | K87: =IF($C87="OTC",ROUNDDOWN($E87*$F87*0.000909187,-1),(IF($C87="신한",ROUNDDOWN($E87*$F87*0.000036396,-1),(IF($C87="토스",$E87*$F87*0.00015,(IF($C87="US",(IF($E87*$F87*0.0025>0.01,$E87*$F87*0.0025,0.01)),IF($C87="JP",(IF($E87*$F87*0.0025>1000,$E87*$F87*0.0025,1000)),(IF($C87="R토스",0,IF($C87="무상증자(신한)",0,""))))))))))) -> 0 | L87: =IF($C87="OTC",ROUNDDOWN($I87*$E87*0.000909187,-1),(IF($C87="신한",ROUNDDOWN($I87*$E87*0.000036396,-1),(IF($C87="토스",$I87*$E87*0.00015,(IF($C87="US",(IF($I87*$E87*0.0025>0.01,$I87*$E87*0.0025,0.01)),(IF($C87="JP",(IF($I87*$E87*0.0025>1000,$I87*$E87*0.0025,1000)),(IF($C87="R토스",$I87*$E87*0.00015,(IF($C87="무상증자(신한)",ROUNDDOWN($I87*$E87*0.000036396,-1),""))))))))))))) -> 4.9875 | M87: =Q87*0.002 -> 66.5 | O87: =J87-G87+1 -> 104 | P87: =$E87*$F87*$D87 -> 25950 | Q87: =$E87*$I87*$D87 -> 33250 | R87: =($N87-$K87-$L87-$M87)*$D87 -> -71.4875 | S87: =IF(Q87=0,0,Q87-P87+R87) -> 7228.5125 | T87: =S87/P87 -> 0.27855539 | U87: =IF(O87<0,0,P87*0.05*O87/365) -> 369.69863
B88: 뉴프렉스 | C88: R토스 | D88: =IF(OR($C88="신한",$C88="OTC",$C88="무상증자(신한)",$C88="토스",$C88="R토스"),1,"확인") -> 1 | E88: 5 | F88: 5390 | G88: 46037 | I88: 6650 | J88: 46133 | K88: =IF($C88="OTC",ROUNDDOWN($E88*$F88*0.000909187,-1),(IF($C88="신한",ROUNDDOWN($E88*$F88*0.000036396,-1),(IF($C88="토스",$E88*$F88*0.00015,(IF($C88="US",(IF($E88*$F88*0.0025>0.01,$E88*$F88*0.0025,0.01)),IF($C88="JP",(IF($E88*$F88*0.0025>1000,$E88*$F88*0.0025,1000)),(IF($C88="R토스",0,IF($C88="무상증자(신한)",0,""))))))))))) -> 0 | L88: =IF($C88="OTC",ROUNDDOWN($I88*$E88*0.000909187,-1),(IF($C88="신한",ROUNDDOWN($I88*$E88*0.000036396,-1),(IF($C88="토스",$I88*$E88*0.00015,(IF($C88="US",(IF($I88*$E88*0.0025>0.01,$I88*$E88*0.0025,0.01)),(IF($C88="JP",(IF($I88*$E88*0.0025>1000,$I88*$E88*0.0025,1000)),(IF($C88="R토스",$I88*$E88*0.00015,(IF($C88="무상증자(신한)",ROUNDDOWN($I88*$E88*0.000036396,-1),""))))))))))))) -> 4.9875 | M88: =Q88*0.002 -> 66.5 | O88: =J88-G88+1 -> 97 | P88: =$E88*$F88*$D88 -> 26950 | Q88: =$E88*$I88*$D88 -> 33250 | R88: =($N88-$K88-$L88-$M88)*$D88 -> -71.4875 | S88: =IF(Q88=0,0,Q88-P88+R88) -> 6228.5125 | T88: =S88/P88 -> 0.23111364 | U88: =IF(O88<0,0,P88*0.05*O88/365) -> 358.10274
B89: 뉴프렉스 | C89: R토스 | D89: =IF(OR($C89="신한",$C89="OTC",$C89="무상증자(신한)",$C89="토스",$C89="R토스"),1,"확인") -> 1 | E89: 5 | F89: 6260 | G89: 46044 | I89: 6650 | J89: 46133 | K89: =IF($C89="OTC",ROUNDDOWN($E89*$F89*0.000909187,-1),(IF($C89="신한",ROUNDDOWN($E89*$F89*0.000036396,-1),(IF($C89="토스",$E89*$F89*0.00015,(IF($C89="US",(IF($E89*$F89*0.0025>0.01,$E89*$F89*0.0025,0.01)),IF($C89="JP",(IF($E89*$F89*0.0025>1000,$E89*$F89*0.0025,1000)),(IF($C89="R토스",0,IF($C89="무상증자(신한)",0,""))))))))))) -> 0 | L89: =IF($C89="OTC",ROUNDDOWN($I89*$E89*0.000909187,-1),(IF($C89="신한",ROUNDDOWN($I89*$E89*0.000036396,-1),(IF($C89="토스",$I89*$E89*0.00015,(IF($C89="US",(IF($I89*$E89*0.0025>0.01,$I89*$E89*0.0025,0.01)),(IF($C89="JP",(IF($I89*$E89*0.0025>1000,$I89*$E89*0.0025,1000)),(IF($C89="R토스",$I89*$E89*0.00015,(IF($C89="무상증자(신한)",ROUNDDOWN($I89*$E89*0.000036396,-1),""))))))))))))) -> 4.9875 | M89: =Q89*0.002 -> 66.5 | O89: =J89-G89+1 -> 90 | P89: =$E89*$F89*$D89 -> 31300 | Q89: =$E89*$I89*$D89 -> 33250 | R89: =($N89-$K89-$L89-$M89)*$D89 -> -71.4875 | S89: =IF(Q89=0,0,Q89-P89+R89) -> 1878.5125 | T89: =S89/P89 -> 0.060016374 | U89: =IF(O89<0,0,P89*0.05*O89/365) -> 385.89041
B90: 뉴프렉스 | C90: R토스 | D90: =IF(OR($C90="신한",$C90="OTC",$C90="무상증자(신한)",$C90="토스",$C90="R토스"),1,"확인") -> 1 | E90: 5 | F90: 6520 | G90: 46051 | I90: 6650 | J90: 46133 | K90: =IF($C90="OTC",ROUNDDOWN($E90*$F90*0.000909187,-1),(IF($C90="신한",ROUNDDOWN($E90*$F90*0.000036396,-1),(IF($C90="토스",$E90*$F90*0.00015,(IF($C90="US",(IF($E90*$F90*0.0025>0.01,$E90*$F90*0.0025,0.01)),IF($C90="JP",(IF($E90*$F90*0.0025>1000,$E90*$F90*0.0025,1000)),(IF($C90="R토스",0,IF($C90="무상증자(신한)",0,""))))))))))) -> 0 | L90: =IF($C90="OTC",ROUNDDOWN($I90*$E90*0.000909187,-1),(IF($C90="신한",ROUNDDOWN($I90*$E90*0.000036396,-1),(IF($C90="토스",$I90*$E90*0.00015,(IF($C90="US",(IF($I90*$E90*0.0025>0.01,$I90*$E90*0.0025,0.01)),(IF($C90="JP",(IF($I90*$E90*0.0025>1000,$I90*$E90*0.0025,1000)),(IF($C90="R토스",$I90*$E90*0.00015,(IF($C90="무상증자(신한)",ROUNDDOWN($I90*$E90*0.000036396,-1),""))))))))))))) -> 4.9875 | M90: =Q90*0.002 -> 66.5 | O90: =J90-G90+1 -> 83 | P90: =$E90*$F90*$D90 -> 32600 | Q90: =$E90*$I90*$D90 -> 33250 | R90: =($N90-$K90-$L90-$M90)*$D90 -> -71.4875 | S90: =IF(Q90=0,0,Q90-P90+R90) -> 578.5125 | T90: =S90/P90 -> 0.017745782 | U90: =IF(O90<0,0,P90*0.05*O90/365) -> 370.65753
B91: 뉴프렉스 | C91: R토스 | D91: =IF(OR($C91="신한",$C91="OTC",$C91="무상증자(신한)",$C91="토스",$C91="R토스"),1,"확인") -> 1 | E91: 5 | F91: 6560 | G91: 46058 | I91: 6650 | J91: 46133 | K91: =IF($C91="OTC",ROUNDDOWN($E91*$F91*0.000909187,-1),(IF($C91="신한",ROUNDDOWN($E91*$F91*0.000036396,-1),(IF($C91="토스",$E91*$F91*0.00015,(IF($C91="US",(IF($E91*$F91*0.0025>0.01,$E91*$F91*0.0025,0.01)),IF($C91="JP",(IF($E91*$F91*0.0025>1000,$E91*$F91*0.0025,1000)),(IF($C91="R토스",0,IF($C91="무상증자(신한)",0,""))))))))))) -> 0 | L91: =IF($C91="OTC",ROUNDDOWN($I91*$E91*0.000909187,-1),(IF($C91="신한",ROUNDDOWN($I91*$E91*0.000036396,-1),(IF($C91="토스",$I91*$E91*0.00015,(IF($C91="US",(IF($I91*$E91*0.0025>0.01,$I91*$E91*0.0025,0.01)),(IF($C91="JP",(IF($I91*$E91*0.0025>1000,$I91*$E91*0.0025,1000)),(IF($C91="R토스",$I91*$E91*0.00015,(IF($C91="무상증자(신한)",ROUNDDOWN($I91*$E91*0.000036396,-1),""))))))))))))) -> 4.9875 | M91: =Q91*0.002 -> 66.5 | O91: =J91-G91+1 -> 76 | P91: =$E91*$F91*$D91 -> 32800 | Q91: =$E91*$I91*$D91 -> 33250 | R91: =($N91-$K91-$L91-$M91)*$D91 -> -71.4875 | S91: =IF(Q91=0,0,Q91-P91+R91) -> 378.5125 | T91: =S91/P91 -> 0.011540015 | U91: =IF(O91<0,0,P91*0.05*O91/365) -> 341.47945
B92: 뉴프렉스 | C92: R토스 | D92: =IF(OR($C92="신한",$C92="OTC",$C92="무상증자(신한)",$C92="토스",$C92="R토스"),1,"확인") -> 1 | E92: 5 | F92: 6480 | G92: 46065 | I92: 6650 | J92: 46133 | K92: =IF($C92="OTC",ROUNDDOWN($E92*$F92*0.000909187,-1),(IF($C92="신한",ROUNDDOWN($E92*$F92*0.000036396,-1),(IF($C92="토스",$E92*$F92*0.00015,(IF($C92="US",(IF($E92*$F92*0.0025>0.01,$E92*$F92*0.0025,0.01)),IF($C92="JP",(IF($E92*$F92*0.0025>1000,$E92*$F92*0.0025,1000)),(IF($C92="R토스",0,IF($C92="무상증자(신한)",0,""))))))))))) -> 0 | L92: =IF($C92="OTC",ROUNDDOWN($I92*$E92*0.000909187,-1),(IF($C92="신한",ROUNDDOWN($I92*$E92*0.000036396,-1),(IF($C92="토스",$I92*$E92*0.00015,(IF($C92="US",(IF($I92*$E92*0.0025>0.01,$I92*$E92*0.0025,0.01)),(IF($C92="JP",(IF($I92*$E92*0.0025>1000,$I92*$E92*0.0025,1000)),(IF($C92="R토스",$I92*$E92*0.00015,(IF($C92="무상증자(신한)",ROUNDDOWN($I92*$E92*0.000036396,-1),""))))))))))))) -> 4.9875 | M92: =Q92*0.002 -> 66.5 | O92: =J92-G92+1 -> 69 | P92: =$E92*$F92*$D92 -> 32400 | Q92: =$E92*$I92*$D92 -> 33250 | R92: =($N92-$K92-$L92-$M92)*$D92 -> -71.4875 | S92: =IF(Q92=0,0,Q92-P92+R92) -> 778.5125 | T92: =S92/P92 -> 0.024028164 | U92: =IF(O92<0,0,P92*0.05*O92/365) -> 306.24658
B93: 뉴프렉스 | C93: 토스 | D93: =IF(OR($C93="신한",$C93="OTC",$C93="무상증자(신한)",$C93="토스",$C93="R토스"),1,"확인") -> 1 | E93: 300 | F93: 6370 | G93: 46065 | I93: 6650 | J93: 46133 | K93: 0 | L93: =IF($C93="OTC",ROUNDDOWN($I93*$E93*0.000909187,-1),(IF($C93="신한",ROUNDDOWN($I93*$E93*0.000036396,-1),(IF($C93="토스",$I93*$E93*0.00015,(IF($C93="US",(IF($I93*$E93*0.0025>0.01,$I93*$E93*0.0025,0.01)),(IF($C93="JP",(IF($I93*$E93*0.0025>1000,$I93*$E93*0.0025,1000)),(IF($C93="R토스",$I93*$E93*0.00015,(IF($C93="무상증자(신한)",ROUNDDOWN($I93*$E93*0.000036396,-1),""))))))))))))) -> 299.25 | M93: =Q93*0.002 -> 3990 | O93: =J93-G93+1 -> 69 | P93: =$E93*$F93*$D93 -> 1911000 | Q93: =$E93*$I93*$D93 -> 1995000 | R93: =($N93-$K93-$L93-$M93)*$D93 -> -4289.25 | S93: =IF(Q93=0,0,Q93-P93+R93) -> 79710.75 | T93: =S93/P93 -> 0.041711538 | U93: =IF(O93<0,0,P93*0.05*O93/365) -> 18062.877
B94: 뉴프렉스 | C94: 토스 | D94: =IF(OR($C94="신한",$C94="OTC",$C94="무상증자(신한)",$C94="토스",$C94="R토스"),1,"확인") -> 1 | E94: 150 | F94: 6150 | G94: 46066 | I94: 6650 | J94: 46133 | K94: 0 | L94: =IF($C94="OTC",ROUNDDOWN($I94*$E94*0.000909187,-1),(IF($C94="신한",ROUNDDOWN($I94*$E94*0.000036396,-1),(IF($C94="토스",$I94*$E94*0.00015,(IF($C94="US",(IF($I94*$E94*0.0025>0.01,$I94*$E94*0.0025,0.01)),(IF($C94="JP",(IF($I94*$E94*0.0025>1000,$I94*$E94*0.0025,1000)),(IF($C94="R토스",$I94*$E94*0.00015,(IF($C94="무상증자(신한)",ROUNDDOWN($I94*$E94*0.000036396,-1),""))))))))))))) -> 149.625 | M94: =Q94*0.002 -> 1995 | O94: =J94-G94+1 -> 68 | P94: =$E94*$F94*$D94 -> 922500 | Q94: =$E94*$I94*$D94 -> 997500 | R94: =($N94-$K94-$L94-$M94)*$D94 -> -2144.625 | S94: =IF(Q94=0,0,Q94-P94+R94) -> 72855.375 | T94: =S94/P94 -> 0.078976016 | U94: =IF(O94<0,0,P94*0.05*O94/365) -> 8593.1507
B95: 뉴프렉스 | C95: R토스 | D95: =IF(OR($C95="신한",$C95="OTC",$C95="무상증자(신한)",$C95="토스",$C95="R토스"),1,"확인") -> 1 | E95: 5 | F95: 6320 | G95: 46072 | I95: 6650 | J95: 46133 | K95: =IF($C95="OTC",ROUNDDOWN($E95*$F95*0.000909187,-1),(IF($C95="신한",ROUNDDOWN($E95*$F95*0.000036396,-1),(IF($C95="토스",$E95*$F95*0.00015,(IF($C95="US",(IF($E95*$F95*0.0025>0.01,$E95*$F95*0.0025,0.01)),IF($C95="JP",(IF($E95*$F95*0.0025>1000,$E95*$F95*0.0025,1000)),(IF($C95="R토스",0,IF($C95="무상증자(신한)",0,""))))))))))) -> 0 | L95: =IF($C95="OTC",ROUNDDOWN($I95*$E95*0.000909187,-1),(IF($C95="신한",ROUNDDOWN($I95*$E95*0.000036396,-1),(IF($C95="토스",$I95*$E95*0.00015,(IF($C95="US",(IF($I95*$E95*0.0025>0.01,$I95*$E95*0.0025,0.01)),(IF($C95="JP",(IF($I95*$E95*0.0025>1000,$I95*$E95*0.0025,1000)),(IF($C95="R토스",$I95*$E95*0.00015,(IF($C95="무상증자(신한)",ROUNDDOWN($I95*$E95*0.000036396,-1),""))))))))))))) -> 4.9875 | M95: =Q95*0.002 -> 66.5 | O95: =J95-G95+1 -> 62 | P95: =$E95*$F95*$D95 -> 31600 | Q95: =$E95*$I95*$D95 -> 33250 | R95: =($N95-$K95-$L95-$M95)*$D95 -> -71.4875 | S95: =IF(Q95=0,0,Q95-P95+R95) -> 1578.5125 | T95: =S95/P95 -> 0.049952927 | U95: =IF(O95<0,0,P95*0.05*O95/365) -> 268.38356
B96: 뉴프렉스 | C96: R토스 | D96: =IF(OR($C96="신한",$C96="OTC",$C96="무상증자(신한)",$C96="토스",$C96="R토스"),1,"확인") -> 1 | E96: 5 | F96: 6060 | G96: 46079 | I96: 6650 | J96: 46133 | K96: =IF($C96="OTC",ROUNDDOWN($E96*$F96*0.000909187,-1),(IF($C96="신한",ROUNDDOWN($E96*$F96*0.000036396,-1),(IF($C96="토스",$E96*$F96*0.00015,(IF($C96="US",(IF($E96*$F96*0.0025>0.01,$E96*$F96*0.0025,0.01)),IF($C96="JP",(IF($E96*$F96*0.0025>1000,$E96*$F96*0.0025,1000)),(IF($C96="R토스",0,IF($C96="무상증자(신한)",0,""))))))))))) -> 0 | L96: =IF($C96="OTC",ROUNDDOWN($I96*$E96*0.000909187,-1),(IF($C96="신한",ROUNDDOWN($I96*$E96*0.000036396,-1),(IF($C96="토스",$I96*$E96*0.00015,(IF($C96="US",(IF($I96*$E96*0.0025>0.01,$I96*$E96*0.0025,0.01)),(IF($C96="JP",(IF($I96*$E96*0.0025>1000,$I96*$E96*0.0025,1000)),(IF($C96="R토스",$I96*$E96*0.00015,(IF($C96="무상증자(신한)",ROUNDDOWN($I96*$E96*0.000036396,-1),""))))))))))))) -> 4.9875 | M96: =Q96*0.002 -> 66.5 | O96: =J96-G96+1 -> 55 | P96: =$E96*$F96*$D96 -> 30300 | Q96: =$E96*$I96*$D96 -> 33250 | R96: =($N96-$K96-$L96-$M96)*$D96 -> -71.4875 | S96: =IF(Q96=0,0,Q96-P96+R96) -> 2878.5125 | T96: =S96/P96 -> 0.095000413 | U96: =IF(O96<0,0,P96*0.05*O96/365) -> 228.28767
B97: 뉴프렉스 | C97: R토스 | D97: =IF(OR($C97="신한",$C97="OTC",$C97="무상증자(신한)",$C97="토스",$C97="R토스"),1,"확인") -> 1 | E97: 5 | F97: 5070 | G97: 46086 | I97: 6650 | J97: 46133 | K97: =IF($C97="OTC",ROUNDDOWN($E97*$F97*0.000909187,-1),(IF($C97="신한",ROUNDDOWN($E97*$F97*0.000036396,-1),(IF($C97="토스",$E97*$F97*0.00015,(IF($C97="US",(IF($E97*$F97*0.0025>0.01,$E97*$F97*0.0025,0.01)),IF($C97="JP",(IF($E97*$F97*0.0025>1000,$E97*$F97*0.0025,1000)),(IF($C97="R토스",0,IF($C97="무상증자(신한)",0,""))))))))))) -> 0 | L97: =IF($C97="OTC",ROUNDDOWN($I97*$E97*0.000909187,-1),(IF($C97="신한",ROUNDDOWN($I97*$E97*0.000036396,-1),(IF($C97="토스",$I97*$E97*0.00015,(IF($C97="US",(IF($I97*$E97*0.0025>0.01,$I97*$E97*0.0025,0.01)),(IF($C97="JP",(IF($I97*$E97*0.0025>1000,$I97*$E97*0.0025,1000)),(IF($C97="R토스",$I97*$E97*0.00015,(IF($C97="무상증자(신한)",ROUNDDOWN($I97*$E97*0.000036396,-1),""))))))))))))) -> 4.9875 | M97: =Q97*0.002 -> 66.5 | O97: =J97-G97+1 -> 48 | P97: =$E97*$F97*$D97 -> 25350 | Q97: =$E97*$I97*$D97 -> 33250 | R97: =($N97-$K97-$L97-$M97)*$D97 -> -71.4875 | S97: =IF(Q97=0,0,Q97-P97+R97) -> 7828.5125 | T97: =S97/P97 -> 0.30881706 | U97: =IF(O97<0,0,P97*0.05*O97/365) -> 166.68493
B98: 뉴프렉스 | C98: R토스 | D98: =IF(OR($C98="신한",$C98="OTC",$C98="무상증자(신한)",$C98="토스",$C98="R토스"),1,"확인") -> 1 | E98: 5 | F98: 5590 | G98: 46093 | I98: 6650 | J98: 46133 | K98: =IF($C98="OTC",ROUNDDOWN($E98*$F98*0.000909187,-1),(IF($C98="신한",ROUNDDOWN($E98*$F98*0.000036396,-1),(IF($C98="토스",$E98*$F98*0.00015,(IF($C98="US",(IF($E98*$F98*0.0025>0.01,$E98*$F98*0.0025,0.01)),IF($C98="JP",(IF($E98*$F98*0.0025>1000,$E98*$F98*0.0025,1000)),(IF($C98="R토스",0,IF($C98="무상증자(신한)",0,""))))))))))) -> 0 | L98: =IF($C98="OTC",ROUNDDOWN($I98*$E98*0.000909187,-1),(IF($C98="신한",ROUNDDOWN($I98*$E98*0.000036396,-1),(IF($C98="토스",$I98*$E98*0.00015,(IF($C98="US",(IF($I98*$E98*0.0025>0.01,$I98*$E98*0.0025,0.01)),(IF($C98="JP",(IF($I98*$E98*0.0025>1000,$I98*$E98*0.0025,1000)),(IF($C98="R토스",$I98*$E98*0.00015,(IF($C98="무상증자(신한)",ROUNDDOWN($I98*$E98*0.000036396,-1),""))))))))))))) -> 4.9875 | M98: =Q98*0.002 -> 66.5 | O98: =J98-G98+1 -> 41 | P98: =$E98*$F98*$D98 -> 27950 | Q98: =$E98*$I98*$D98 -> 33250 | R98: =($N98-$K98-$L98-$M98)*$D98 -> -71.4875 | S98: =IF(Q98=0,0,Q98-P98+R98) -> 5228.5125 | T98: =S98/P98 -> 0.18706664 | U98: =IF(O98<0,0,P98*0.05*O98/365) -> 156.97945
B99: 뉴프렉스 | C99: R토스 | D99: =IF(OR($C99="신한",$C99="OTC",$C99="무상증자(신한)",$C99="토스",$C99="R토스"),1,"확인") -> 1 | E99: 5 | F99: 5350 | G99: 46100 | I99: 6650 | J99: 46133 | K99: =IF($C99="OTC",ROUNDDOWN($E99*$F99*0.000909187,-1),(IF($C99="신한",ROUNDDOWN($E99*$F99*0.000036396,-1),(IF($C99="토스",$E99*$F99*0.00015,(IF($C99="US",(IF($E99*$F99*0.0025>0.01,$E99*$F99*0.0025,0.01)),IF($C99="JP",(IF($E99*$F99*0.0025>1000,$E99*$F99*0.0025,1000)),(IF($C99="R토스",0,IF($C99="무상증자(신한)",0,""))))))))))) -> 0 | L99: =IF($C99="OTC",ROUNDDOWN($I99*$E99*0.000909187,-1),(IF($C99="신한",ROUNDDOWN($I99*$E99*0.000036396,-1),(IF($C99="토스",$I99*$E99*0.00015,(IF($C99="US",(IF($I99*$E99*0.0025>0.01,$I99*$E99*0.0025,0.01)),(IF($C99="JP",(IF($I99*$E99*0.0025>1000,$I99*$E99*0.0025,1000)),(IF($C99="R토스",$I99*$E99*0.00015,(IF($C99="무상증자(신한)",ROUNDDOWN($I99*$E99*0.000036396,-1),""))))))))))))) -> 4.9875 | M99: =Q99*0.002 -> 66.5 | O99: =J99-G99+1 -> 34 | P99: =$E99*$F99*$D99 -> 26750 | Q99: =$E99*$I99*$D99 -> 33250 | R99: =($N99-$K99-$L99-$M99)*$D99 -> -71.4875 | S99: =IF(Q99=0,0,Q99-P99+R99) -> 6428.5125 | T99: =S99/P99 -> 0.24031822 | U99: =IF(O99<0,0,P99*0.05*O99/365) -> 124.58904
