Workbook

Sheet 거래내역
A1: 📋 거래내역 — 투자 거래 기록 (매수/매도)
A2: ★ A~D, F~G, M열만 입력 | 나머지 자동계산 | 수수료·세금율 수정: 참고 시트 수수료 테이블 | H2: ※ 수수료율·세금율은 참고 시트 적용. 계좌/날짜가 없으면 0 반환
A3: 날짜 | B3: 거래구분 | C3: 계좌 | D3: 종목코드 | E3: 종목명 | F3: 단가 | G3: 수량 | H3: 거래금액 | I3: 수수료율 | J3: 수수료 | K3: 세금율 | L3: 세금 | M3: 메모
A5: 2020.07.10 | B5: 매수 | C5: 신한 | D5: 081000 | E5: =IFERROR(VLOOKUP(D5,KRX종목마스터!$A:$B,2,FALSE),"") -> 일진다이아 | F5: 47000 | G5: 70 | H5: =IF(AND(F5<>"",G5<>""),F5*G5,"") -> 3290000 | I5: =IFERROR(SUMPRODUCT((참고!$A$31:$A$130=C5)*(참고!$B$31:$B$130<=A5)*(참고!$B$31:$B$130=_xludf.MAXIFS(참고!$B$31:$B$130,참고!$A$31:$A$130,C5,참고!$B$31:$B$130,"<="&A5))*참고!$C$31:$C$130)/100,0) -> 0 | J5: =IF(H5="","",ROUND(H5*I5,0)) -> 0 | K5: =IF(B5="매도",IFERROR(SUMPRODUCT((참고!$A$31:$A$130=C5)*(참고!$B$31:$B$130<=A5)*(참고!$B$31:$B$130=_xludf.MAXIFS(참고!$B$31:$B$130,참고!$A$31:$A$130,C5,참고!$B$31:$B$130,"<="&A5))*참고!$D$31:$D$130)/100,0),0) -> 0 | L5: =IF(H5="","",ROUND(H5*K5,0)) -> 0
A6: 2020.07.13 | B6: 매도 | C6: 신한 | D6: 081000 | E6: =IFERROR(VLOOKUP(D6,KRX종목마스터!$A:$B,2,FALSE),"") -> 일진다이아 | F6: 51100 | G6: 64 | H6: =IF(AND(F6<>"",G6<>""),F6*G6,"") -> 3270400 | I6: =IFERROR(SUMPRODUCT((참고!$A$31:$A$130=C6)*(참고!$B$31:$B$130<=A6)*(참고!$B$31:$B$130=_xludf.MAXIFS(참고!$B$31:$B$130,참고!$A$31:$A$130,C6,참고!$B$31:$B$130,"<="&A6))*참고!$C$31:$C$130)/100,0) -> 0 | J6: =IF(H6="","",ROUND(H6*I6,0)) -> 0 | K6: =IF(B6="매도",IFERROR(SUMPRODUCT((참고!$A$31:$A$130=C6)*(참고!$B$31:$B$130<=A6)*(참고!$B$31:$B$130=_xludf.MAXIFS(참고!$B$31:$B$130,참고!$A$31:$A$130,C6,참고!$B$31:$B$130,"<="&A6))*참고!$D$31:$D$130)/100,0),0) -> 0 | L6: =IF(H6="","",ROUND(H6*K6,0)) -> 0
E7: =IFERROR(VLOOKUP(D7,KRX종목마스터!$A:$B,2,FALSE),"") | H7: =IF(AND(F7<>"",G7<>""),F7*G7,"") | I7: =IFERROR(SUMPRODUCT((참고!$A$31:$A$130=C7)*(참고!$B$31:$B$130<=A7)*(참고!$B$31:$B$130=_xludf.MAXIFS(참고!$B$31:$B$130,참고!$A$31:$A$130,C7,참고!$B$31:$B$130,"<="&A7))*참고!$C$31:$C$130)/100,0) -> 0 | J7: =IF(H7="","",ROUND(H7*I7,0)) | K7: =IF(B7="매도",IFERROR(SUMPRODUCT((참고!$A$31:$A$130=C7)*(참고!$B$31:$B$130<=A7)*(참고!$B$31:$B$130=_xludf.MAXIFS(참고!$B$31:$B$130,참고!$A$31:$A$130,C7,참고!$B$31:$B$130,"<="&A7))*참고!$D$31:$D$130)/100,0),0) -> 0 | L7: =IF(H7="","",ROUND(H7*K7,0))
E8: =IFERROR(VLOOKUP(D8,KRX종목마스터!$A:$B,2,FALSE),"") | H8: =IF(AND(F8<>"",G8<>""),F8*G8,"") | I8: =IFERROR(SUMPRODUCT((참고!$A$31:$A$130=C8)*(참고!$B$31:$B$130<=A8)*(참고!$B$31:$B$130=_xludf.MAXIFS(참고!$B$31:$B$130,참고!$A$31:$A$130,C8,참고!$B$31:$B$130,"<="&A8))*참고!$C$31:$C$130)/100,0) -> 0 | J8: =IF(H8="","",ROUND(H8*I8,0)) | K8: =IF(B8="매도",IFERROR(SUMPRODUCT((참고!$A$31:$A$130=C8)*(참고!$B$31:$B$130<=A8)*(참고!$B$31:$B$130=_xludf.MAXIFS(참고!$B$31:$B$130,참고!$A$31:$A$130,C8,참고!$B$31:$B$130,"<="&A8))*참고!$D$31:$D$130)/100,0),0) -> 0 | L8: =IF(H8="","",ROUND(H8*K8,0))
E9: =IFERROR(VLOOKUP(D9,KRX종목마스터!$A:$B,2,FALSE),"") | H9: =IF(AND(F9<>"",G9<>""),F9*G9,"") | I9: =IFERROR(SUMPRODUCT((참고!$A$31:$A$130=C9)*(참고!$B$31:$B$130<=A9)*(참고!$B$31:$B$130=_xludf.MAXIFS(참고!$B$31:$B$130,참고!$A$31:$A$130,C9,참고!$B$31:$B$130,"<="&A9))*참고!$C$31:$C$130)/100,0) -> 0 | J9: =IF(H9="","",ROUND(H9*I9,0)) | K9: =IF(B9="매도",IFERROR(SUMPRODUCT((참고!$A$31:$A$130=C9)*(참고!$B$31:$B$130<=A9)*(참고!$B$31:$B$130=_xludf.MAXIFS(참고!$B$31:$B$130,참고!$A$31:$A$130,C9,참고!$B$31:$B$130,"<="&A9))*참고!$D$31:$D$130)/100,0),0) -> 0 | L9: =IF(H9="","",ROUND(H9*K9,0))
E10: =IFERROR(VLOOKUP(D10,KRX종목마스터!$A:$B,2,FALSE),"") | H10: =IF(AND(F10<>"",G10<>""),F10*G10,"") | I10: =IFERROR(SUMPRODUCT((참고!$A$31:$A$130=C10)*(참고!$B$31:$B$130<=A10)*(참고!$B$31:$B$130=_xludf.MAXIFS(참고!$B$31:$B$130,참고!$A$31:$A$130,C10,참고!$B$31:$B$130,"<="&A10))*참고!$C$31:$C$130)/100,0) -> 0 | J10: =IF(H10="","",ROUND(H10*I10,0)) | K10: =IF(B10="매도",IFERROR(SUMPRODUCT((참고!$A$31:$A$130=C10)*(참고!$B$31:$B$130<=A10)*(참고!$B$31:$B$130=_xludf.MAXIFS(참고!$B$31:$B$130,참고!$A$31:$A$130,C10,참고!$B$31:$B$130,"<="&A10))*참고!$D$31:$D$130)/100,0),0) -> 0 | L10: =IF(H10="","",ROUND(H10*K10,0))
E11: =IFERROR(VLOOKUP(D11,KRX종목마스터!$A:$B,2,FALSE),"") | H11: =IF(AND(F11<>"",G11<>""),F11*G11,"") | I11: =IFERROR(SUMPRODUCT((참고!$A$31:$A$130=C11)*(참고!$B$31:$B$130<=A11)*(참고!$B$31:$B$130=_xludf.MAXIFS(참고!$B$31:$B$130,참고!$A$31:$A$130,C11,참고!$B$31:$B$130,"<="&A11))*참고!$C$31:$C$130)/100,0) -> 0 | J11: =IF(H11="","",ROUND(H11*I11,0)) | K11: =IF(B11="매도",IFERROR(SUMPRODUCT((참고!$A$31:$A$130=C11)*(참고!$B$31:$B$130<=A11)*(참고!$B$31:$B$130=_xludf.MAXIFS(참고!$B$31:$B$130,참고!$A$31:$A$130,C11,참고!$B$31:$B$130,"<="&A11))*참고!$D$31:$D$130)/100,0),0) -> 0 | L11: =IF(H11="","",ROUND(H11*K11,0))
E12: =IFERROR(VLOOKUP(D12,KRX종목마스터!$A:$B,2,FALSE),"") | H12: =IF(AND(F12<>"",G12<>""),F12*G12,"") | I12: =IFERROR(SUMPRODUCT((참고!$A$31:$A$130=C12)*(참고!$B$31:$B$130<=A12)*(참고!$B$31:$B$130=_xludf.MAXIFS(참고!$B$31:$B$130,참고!$A$31:$A$130,C12,참고!$B$31:$B$130,"<="&A12))*참고!$C$31:$C$130)/100,0) -> 0 | J12: =IF(H12="","",ROUND(H12*I12,0)) | K12: =IF(B12="매도",IFERROR(SUMPRODUCT((참고!$A$31:$A$130=C12)*(참고!$B$31:$B$130<=A12)*(참고!$B$31:$B$130=_xludf.MAXIFS(참고!$B$31:$B$130,참고!$A$31:$A$130,C12,참고!$B$31:$B$130,"<="&A12))*참고!$D$31:$D$130)/100,0),0) -> 0 | L12: =IF(H12="","",ROUND(H12*K12,0))
E13: =IFERROR(VLOOKUP(D13,KRX종목마스터!$A:$B,2,FALSE),"") | H13: =IF(AND(F13<>"",G13<>""),F13*G13,"") | I13: =IFERROR(SUMPRODUCT((참고!$A$31:$A$130=C13)*(참고!$B$31:$B$130<=A13)*(참고!$B$31:$B$130=_xludf.MAXIFS(참고!$B$31:$B$130,참고!$A$31:$A$130,C13,참고!$B$31:$B$130,"<="&A13))*참고!$C$31:$C$130)/100,0) -> 0 | J13: =IF(H13="","",ROUND(H13*I13,0)) | K13: =IF(B13="매도",IFERROR(SUMPRODUCT((참고!$A$31:$A$130=C13)*(참고!$B$31:$B$130<=A13)*(참고!$B$31:$B$130=_xludf.MAXIFS(참고!$B$31:$B$130,참고!$A$31:$A$130,C13,참고!$B$31:$B$130,"<="&A13))*참고!$D$31:$D$130)/100,0),0) -> 0 | L13: =IF(H13="","",ROUND(H13*K13,0))
E14: =IFERROR(VLOOKUP(D14,KRX종목마스터!$A:$B,2,FALSE),"") | H14: =IF(AND(F14<>"",G14<>""),F14*G14,"") | I14: =IFERROR(SUMPRODUCT((참고!$A$31:$A$130=C14)*(참고!$B$31:$B$130<=A14)*(참고!$B$31:$B$130=_xludf.MAXIFS(참고!$B$31:$B$130,참고!$A$31:$A$130,C14,참고!$B$31:$B$130,"<="&A14))*참고!$C$31:$C$130)/100,0) -> 0 | J14: =IF(H14="","",ROUND(H14*I14,0)) | K14: =IF(B14="매도",IFERROR(SUMPRODUCT((참고!$A$31:$A$130=C14)*(참고!$B$31:$B$130<=A14)*(참고!$B$31:$B$130=_xludf.MAXIFS(참고!$B$31:$B$130,참고!$A$31:$A$130,C14,참고!$B$31:$B$130,"<="&A14))*참고!$D$31:$D$130)/100,0),0) -> 0 | L14: =IF(H14="","",ROUND(H14*K14,0))
E15: =IFERROR(VLOOKUP(D15,KRX종목마스터!$A:$B,2,FALSE),"") | H15: =IF(AND(F15<>"",G15<>""),F15*G15,"") | I15: =IFERROR(SUMPRODUCT((참고!$A$31:$A$130=C15)*(참고!$B$31:$B$130<=A15)*(참고!$B$31:$B$130=_xludf.MAXIFS(참고!$B$31:$B$130,참고!$A$31:$A$130,C15,참고!$B$31:$B$130,"<="&A15))*참고!$C$31:$C$130)/100,0) -> 0 | J15: =IF(H15="","",ROUND(H15*I15,0)) | K15: =IF(B15="매도",IFERROR(SUMPRODUCT((참고!$A$31:$A$130=C15)*(참고!$B$31:$B$130<=A15)*(참고!$B$31:$B$130=_xludf.MAXIFS(참고!$B$31:$B$130,참고!$A$31:$A$130,C15,참고!$B$31:$B$130,"<="&A15))*참고!$D$31:$D$130)/100,0),0) -> 0 | L15: =IF(H15="","",ROUND(H15*K15,0))
E16: =IFERROR(VLOOKUP(D16,KRX종목마스터!$A:$B,2,FALSE),"") | H16: =IF(AND(F16<>"",G16<>""),F16*G16,"") | I16: =IFERROR(SUMPRODUCT((참고!$A$31:$A$130=C16)*(참고!$B$31:$B$130<=A16)*(참고!$B$31:$B$130=_xludf.MAXIFS(참고!$B$31:$B$130,참고!$A$31:$A$130,C16,참고!$B$31:$B$130,"<="&A16))*참고!$C$31:$C$130)/100,0) -> 0 | J16: =IF(H16="","",ROUND(H16*I16,0)) | K16: =IF(B16="매도",IFERROR(SUMPRODUCT((참고!$A$31:$A$130=C16)*(참고!$B$31:$B$130<=A16)*(참고!$B$31:$B$130=_xludf.MAXIFS(참고!$B$31:$B$130,참고!$A$31:$A$130,C16,참고!$B$31:$B$130,"<="&A16))*참고!$D$31:$D$130)/100,0),0) -> 0 | L16: =IF(H16="","",ROUND(H16*K16,0))
E17: =IFERROR(VLOOKUP(D17,KRX종목마스터!$A:$B,2,FALSE),"") | H17: =IF(AND(F17<>"",G17<>""),F17*G17,"") | I17: =IFERROR(SUMPRODUCT((참고!$A$31:$A$130=C17)*(참고!$B$31:$B$130<=A17)*(참고!$B$31:$B$130=_xludf.MAXIFS(참고!$B$31:$B$130,참고!$A$31:$A$130,C17,참고!$B$31:$B$130,"<="&A17))*참고!$C$31:$C$130)/100,0) -> 0 | J17: =IF(H17="","",ROUND(H17*I17,0)) | K17: =IF(B17="매도",IFERROR(SUMPRODUCT((참고!$A$31:$A$130=C17)*(참고!$B$31:$B$130<=A17)*(참고!$B$31:$B$130=_xludf.MAXIFS(참고!$B$31:$B$130,참고!$A$31:$A$130,C17,참고!$B$31:$B$130,"<="&A17))*참고!$D$31:$D$130)/100,0),0) -> 0 | L17: =IF(H17="","",ROUND(H17*K17,0))
E18: =IFERROR(VLOOKUP(D18,KRX종목마스터!$A:$B,2,FALSE),"") | H18: =IF(AND(F18<>"",G18<>""),F18*G18,"") | I18: =IFERROR(SUMPRODUCT((참고!$A$31:$A$130=C18)*(참고!$B$31:$B$130<=A18)*(참고!$B$31:$B$130=_xludf.MAXIFS(참고!$B$31:$B$130,참고!$A$31:$A$130,C18,참고!$B$31:$B$130,"<="&A18))*참고!$C$31:$C$130)/100,0) -> 0 | J18: =IF(H18="","",ROUND(H18*I18,0)) | K18: =IF(B18="매도",IFERROR(SUMPRODUCT((참고!$A$31:$A$130=C18)*(참고!$B$31:$B$130<=A18)*(참고!$B$31:$B$130=_xludf.MAXIFS(참고!$B$31:$B$130,참고!$A$31:$A$130,C18,참고!$B$31:$B$130,"<="&A18))*참고!$D$31:$D$130)/100,0),0) -> 0 | L18: =IF(H18="","",ROUND(H18*K18,0))
... E2004: =IFERROR(VLOOKUP(D2004,KRX종목마스터!$A:$B,2,FALSE),"") | H2004: =IF(AND(F2004<>"",G2004<>""),F2004*G2004,"") | I2004: =IFERROR(SUMPRODUCT((참고!$A$31:$A$130=C2004)*(참고!$B$31:$B$130<=A2004)*(참고!$B$31:$B$130=_xludf.MAXIFS(참고!$B$31:$B$130,참고!$A$31:$A$130,C2004,참고!$B$31:$B$130,"<="&A2004))*참고!$C$31:$C$130)/100,0) -> 0 | J2004: =IF(H2004="","",ROUND(H2004*I2004,0)) | K2004: =IF(B2004="매도",IFERROR(SUMPRODUCT((참고!$A$31:$A$130=C2004)*(참고!$B$31:$B$130<=A2004)*(참고!$B$31:$B$130=_xludf.MAXIFS(참고!$B$31:$B$130,참고!$A$31:$A$130,C2004,참고!$B$31:$B$130,"<="&A2004))*참고!$D$31:$D$130)/100,0),0) -> 0 | L2004: =IF(H2004="","",ROUND(H2004*K2004,0))

Sheet 배당금
A1: 💵 배당금 내역
A2: ★ D·E·F 입력 → G(원천세)·H(실수령) 자동계산 | 투자현황의 배당금은 H열 합산
A3: 날짜 | B3: 종목코드 | C3: 종목명 | D3: 계좌 | E3: 배당금총액 | F3: 원천세율(%) | G3: 원천세액 | H3: 실수령액 | I3: 메모
C5: =IFERROR(VLOOKUP(B5,KRX종목마스터!$A:$B,2,FALSE),"") | G5: =IF(OR(E5="",F5=""),"",ROUND(E5*F5/100,0)) | H5: =IF(E5="","",E5-IF(G5="",0,G5))
C6: =IFERROR(VLOOKUP(B6,KRX종목마스터!$A:$B,2,FALSE),"") | G6: =IF(OR(E6="",F6=""),"",ROUND(E6*F6/100,0)) | H6: =IF(E6="","",E6-IF(G6="",0,G6))
C7: =IFERROR(VLOOKUP(B7,KRX종목마스터!$A:$B,2,FALSE),"") | G7: =IF(OR(E7="",F7=""),"",ROUND(E7*F7/100,0)) | H7: =IF(E7="","",E7-IF(G7="",0,G7))
C8: =IFERROR(VLOOKUP(B8,KRX종목마스터!$A:$B,2,FALSE),"") | G8: =IF(OR(E8="",F8=""),"",ROUND(E8*F8/100,0)) | H8: =IF(E8="","",E8-IF(G8="",0,G8))
C9: =IFERROR(VLOOKUP(B9,KRX종목마스터!$A:$B,2,FALSE),"") | G9: =IF(OR(E9="",F9=""),"",ROUND(E9*F9/100,0)) | H9: =IF(E9="","",E9-IF(G9="",0,G9))
C10: =IFERROR(VLOOKUP(B10,KRX종목마스터!$A:$B,2,FALSE),"") | G10: =IF(OR(E10="",F10=""),"",ROUND(E10*F10/100,0)) | H10: =IF(E10="","",E10-IF(G10="",0,G10))
C11: =IFERROR(VLOOKUP(B11,KRX종목마스터!$A:$B,2,FALSE),"") | G11: =IF(OR(E11="",F11=""),"",ROUND(E11*F11/100,0)) | H11: =IF(E11="","",E11-IF(G11="",0,G11))
C12: =IFERROR(VLOOKUP(B12,KRX종목마스터!$A:$B,2,FALSE),"") | G12: =IF(OR(E12="",F12=""),"",ROUND(E12*F12/100,0)) | H12: =IF(E12="","",E12-IF(G12="",0,G12))
C13: =IFERROR(VLOOKUP(B13,KRX종목마스터!$A:$B,2,FALSE),"") | G13: =IF(OR(E13="",F13=""),"",ROUND(E13*F13/100,0)) | H13: =IF(E13="","",E13-IF(G13="",0,G13))
C14: =IFERROR(VLOOKUP(B14,KRX종목마스터!$A:$B,2,FALSE),"") | G14: =IF(OR(E14="",F14=""),"",ROUND(E14*F14/100,0)) | H14: =IF(E14="","",E14-IF(G14="",0,G14))
C15: =IFERROR(VLOOKUP(B15,KRX종목마스터!$A:$B,2,FALSE),"") | G15: =IF(OR(E15="",F15=""),"",ROUND(E15*F15/100,0)) | H15: =IF(E15="","",E15-IF(G15="",0,G15))
C16: =IFERROR(VLOOKUP(B16,KRX종목마스터!$A:$B,2,FALSE),"") | G16: =IF(OR(E16="",F16=""),"",ROUND(E16*F16/100,0)) | H16: =IF(E16="","",E16-IF(G16="",0,G16))
... C504: =IFERROR(VLOOKUP(B504,KRX종목마스터!$A:$B,2,FALSE),"") | G504: =IF(OR(E504="",F504=""),"",ROUND(E504*F504/100,0)) | H504: =IF(E504="","",E504-IF(G504="",0,G504))

Sheet 참고
A1: 📋 참고 데이터 — 계좌 목록 & 수수료 테이블
A2: ★ 계좌 추가: A열에 행 추가 → 거래내역·투자현황 드롭다운 자동 반영
A3: 계좌명 (드롭다운 소스)
A4: 신한
A5: 신한-해외
A6: 토스
A7: 토스-해외
A8: 신한-연금저축
A9: 미래-연금저축
A10: 신한-ISA
A11: 미래에셋
A12: 한화
... A29: ★ 수수료율·매매세율(%) 입력. 계좌+날짜 기준으로 최근 행이 자동 적용됨
A30: 계좌 | B30: 적용시작일 | C30: 수수료율(%) | D30: 매매세율(%) | E30: 비고
A31: 신한 | B31: 2024-01-01 | C31: 0.015 | D31: 0.2 | E31: 기본값 — 실제 수수료 확인 후 수정
A32: 신한-해외 | B32: 2024-01-01 | C32: 0.25 | D32: 0 | E32: 기본값 — 실제 수수료 확인 후 수정
A33: 토스 | B33: 2024-01-01 | C33: 0.015 | D33: 0.2 | E33: 기본값 — 실제 수수료 확인 후 수정
A34: 토스-해외 | B34: 2024-01-01 | C34: 0.25 | D34: 0 | E34: 기본값 — 실제 수수료 확인 후 수정
A35: 신한-연금저축 | B35: 2024-01-01 | C35: 0.015 | D35: 0 | E35: 기본값 — 실제 수수료 확인 후 수정
A36: 미래-연금저축 | B36: 2024-01-01 | C36: 0.014 | D36: 0 | E36: 기본값 — 실제 수수료 확인 후 수정
A37: 신한-ISA | B37: 2024-01-01 | C37: 0.015 | D37: 0 | E37: 기본값 — 실제 수수료 확인 후 수정
A38: 미래에셋 | B38: 2024-01-01 | C38: 0.014 | D38: 0.2 | E38: 기본값 — 실제 수수료 확인 후 수정
A39: 한화 | B39: 2024-01-01 | C39: 0.015 | D39: 0.2 | E39: 기본값 — 실제 수수료 확인 후 수정
A40: 한화-해외 | B40: 2024-01-01 | C40: 0.3 | D40: 0 | E40: 기본값 — 실제 수수료 확인 후 수정
A41: 유주 | B41: 2024-01-01 | C41: 0.015 | D41: 0.2 | E41: 기본값 — 실제 수수료 확인 후 수정
A42: 인우 | B42: 2024-01-01 | C42: 0.015 | D42: 0.2 | E42: 기본값 — 실제 수수료 확인 후 수정

Sheet 투자현황
A1: 📊 투자현황 — FIFO 로트별 손익 추적
A2: ★ 거래내역 입력 후 python update_asset_manager.py --refresh 실행 → 자동 갱신 | L2: ※ 현재가 갱신: python update_asset_manager.py --update | 손익 = 실현(매도분) + 미실현(보유분)
A3: 매수일 | B3: 종목코드 | C3: 종목명 | D3: 계좌 | E3: 매수수량 | F3: 매수단가 | G3: 매수금액 | H3: 매수수수료 | I3: 매도일 | J3: 매도수량 | K3: 매도단가 | L3: 매도금액 | M3: 매도수수료 | N3: 매매세 | O3: 보유수량 | P3: 보유상태 | Q3: 실현손익 | R3: 현재가 | S3: 미실현손익 | T3: 총 손익 | U3: 손익률 | V3: 보유일수 | W3: 배당금
A5: 46027 | B5: 005930 | C5: =IFERROR(VLOOKUP(B5,KRX종목마스터!$A:$B,2,FALSE),"") -> 삼성전자 | D5: 신한 | E5: 1 | F5: 70000 | G5: 70000 | H5: 0 | I5: 46056 | J5: 1 | K5: 75000 | L5: 75000 | O5: =E5-IF(J5="",0,J5) -> 0 | P5: 매도완료 | Q5: =IF(J5>0,L5-G5-H5-IF(M5="",0,M5)-IF(N5="",0,N5),0) -> 5000 | R5: =IFERROR(VLOOKUP(B5,KRX종목마스터!$A:$C,3,FALSE),"") -> 267750 | S5: =IF(O5>0,O5*R5-G5-H5,0) -> 0 | T5: =Q5+S5 -> 5000 | U5: =IF(G5>0,T5/G5,"") -> 0.071428571 | V5: =IF(A5="","",IF(O5>0,TODAY()-A5,IF(I5="","",I5-A5))) -> 29 | W5: =SUMPRODUCT((배당금!$B$5:$B$504=B5)*(배당금!$D$5:$D$504=D5)*배당금!$H$5:$H$504) -> #VALUE!
A6: 46032 | B6: 005930 | C6: =IFERROR(VLOOKUP(B6,KRX종목마스터!$A:$B,2,FALSE),"") -> 삼성전자 | D6: 신한 | E6: 3 | F6: 68000 | G6: 204000 | H6: 0 | I6: 46056 | J6: 3 | K6: 75000 | L6: 225000 | O6: =E6-IF(J6="",0,J6) -> 0 | P6: 매도완료 | Q6: =IF(J6>0,L6-G6-H6-IF(M6="",0,M6)-IF(N6="",0,N6),0) -> 21000 | R6: =IFERROR(VLOOKUP(B6,KRX종목마스터!$A:$C,3,FALSE),"") -> 267750 | S6: =IF(O6>0,O6*R6-G6-H6,0) -> 0 | T6: =Q6+S6 -> 21000 | U6: =IF(G6>0,T6/G6,"") -> 0.10294118 | V6: =IF(A6="","",IF(O6>0,TODAY()-A6,IF(I6="","",I6-A6))) -> 24 | W6: =SUMPRODUCT((배당금!$B$5:$B$504=B6)*(배당금!$D$5:$D$504=D6)*배당금!$H$5:$H$504) -> #VALUE!
A7: 46032 | B7: 005930 | C7: =IFERROR(VLOOKUP(B7,KRX종목마스터!$A:$B,2,FALSE),"") -> 삼성전자 | D7: 신한 | E7: 2 | F7: 68000 | G7: 136000 | H7: 0 | O7: =E7-IF(J7="",0,J7) -> 2 | P7: 보유중 | Q7: =IF(J7>0,L7-G7-H7-IF(M7="",0,M7)-IF(N7="",0,N7),0) -> 0 | R7: =IFERROR(VLOOKUP(B7,KRX종목마스터!$A:$C,3,FALSE),"") -> 267750 | S7: =IF(O7>0,O7*R7-G7-H7,0) -> 399500 | T7: =Q7+S7 -> 399500 | U7: =IF(G7>0,T7/G7,"") -> 2.9375 | V7: =IF(A7="","",IF(O7>0,TODAY()-A7,IF(I7="","",I7-A7))) -> 144 | W7: =SUMPRODUCT((배당금!$B$5:$B$504=B7)*(배당금!$D$5:$D$504=D7)*배당금!$H$5:$H$504) -> #VALUE!

Sheet 투자아이디어
A1: 💡 투자아이디어 발굴 & 체크리스트
A2: ★ 아이디어 발굴 → 체크리스트 → 투자결정 3단계 프로세스 | 상태별 필터 권장 | I2: 【체크리스트 기준】 버핏: 이해가능성·경쟁우위·경영진·적정가·장기보유 | 켈리공식: 승률·배당배율 기반 적정 투자비중 계산 가능
A3: 등록일 | B3: 분류 | C3: 종목코드 | D3: 종목명 (자동) | E3: 현재가 (자동) | F3: 목표주가 | G3: 상승여력 | H3: 손절가 | I3: 사업 이해? | J3: 경쟁 우위? | K3: 경영진 신뢰? | L3: 적정가 이하? | M3: 장기 보유? | N3: 우선순위 | O3: 진행상태 | P3: 핵심근거·메모
D4: =IFERROR(VLOOKUP(C4,KRX종목마스터!$A:$B,2,FALSE),"") | E4: =IFERROR(VLOOKUP(C4,KRX종목마스터!$A:$C,3,FALSE),"") | G4: =IF(OR(E4="",F4=""),"",(F4-E4)/E4)
D5: =IFERROR(VLOOKUP(C5,KRX종목마스터!$A:$B,2,FALSE),"") | E5: =IFERROR(VLOOKUP(C5,KRX종목마스터!$A:$C,3,FALSE),"") | G5: =IF(OR(E5="",F5=""),"",(F5-E5)/E5)
D6: =IFERROR(VLOOKUP(C6,KRX종목마스터!$A:$B,2,FALSE),"") | E6: =IFERROR(VLOOKUP(C6,KRX종목마스터!$A:$C,3,FALSE),"") | G6: =IF(OR(E6="",F6=""),"",(F6-E6)/E6)
D7: =IFERROR(VLOOKUP(C7,KRX종목마스터!$A:$B,2,FALSE),"") | E7: =IFERROR(VLOOKUP(C7,KRX종목마스터!$A:$C,3,FALSE),"") | G7: =IF(OR(E7="",F7=""),"",(F7-E7)/E7)
D8: =IFERROR(VLOOKUP(C8,KRX종목마스터!$A:$B,2,FALSE),"") | E8: =IFERROR(VLOOKUP(C8,KRX종목마스터!$A:$C,3,FALSE),"") | G8: =IF(OR(E8="",F8=""),"",(F8-E8)/E8)
D9: =IFERROR(VLOOKUP(C9,KRX종목마스터!$A:$B,2,FALSE),"") | E9: =IFERROR(VLOOKUP(C9,KRX종목마스터!$A:$C,3,FALSE),"") | G9: =IF(OR(E9="",F9=""),"",(F9-E9)/E9)
D10: =IFERROR(VLOOKUP(C10,KRX종목마스터!$A:$B,2,FALSE),"") | E10: =IFERROR(VLOOKUP(C10,KRX종목마스터!$A:$C,3,FALSE),"") | G10: =IF(OR(E10="",F10=""),"",(F10-E10)/E10)
D11: =IFERROR(VLOOKUP(C11,KRX종목마스터!$A:$B,2,FALSE),"") | E11: =IFERROR(VLOOKUP(C11,KRX종목마스터!$A:$C,3,FALSE),"") | G11: =IF(OR(E11="",F11=""),"",(F11-E11)/E11)
D12: =IFERROR(VLOOKUP(C12,KRX종목마스터!$A:$B,2,FALSE),"") | E12: =IFERROR(VLOOKUP(C12,KRX종목마스터!$A:$C,3,FALSE),"") | G12: =IF(OR(E12="",F12=""),"",(F12-E12)/E12)
D13: =IFERROR(VLOOKUP(C13,KRX종목마스터!$A:$B,2,FALSE),"") | E13: =IFERROR(VLOOKUP(C13,KRX종목마스터!$A:$C,3,FALSE),"") | G13: =IF(OR(E13="",F13=""),"",(F13-E13)/E13)
D14: =IFERROR(VLOOKUP(C14,KRX종목마스터!$A:$B,2,FALSE),"") | E14: =IFERROR(VLOOKUP(C14,KRX종목마스터!$A:$C,3,FALSE),"") | G14: =IF(OR(E14="",F14=""),"",(F14-E14)/E14)
D15: =IFERROR(VLOOKUP(C15,KRX종목마스터!$A:$B,2,FALSE),"") | E15: =IFERROR(VLOOKUP(C15,KRX종목마스터!$A:$C,3,FALSE),"") | G15: =IF(OR(E15="",F15=""),"",(F15-E15)/E15)
... D203: =IFERROR(VLOOKUP(C203,KRX종목마스터!$A:$B,2,FALSE),"") | E203: =IFERROR(VLOOKUP(C203,KRX종목마스터!$A:$C,3,FALSE),"") | G203: =IF(OR(E203="",F203=""),"",(F203-E203)/E203)
A206: 📖 투자 아이디어 발굴 프레임워크 (참고용)
A207: 분류 | B207: 발굴 방법 | J207: 주요 지표·기준
A208: 가치투자 | B208: PER<10, PBR<1, ROE>15%, 부채비율<100%인 종목 스크리닝 (KRX 정보데이터시스템·증권사 HTS) | J208: 안전마진 30%이상 | 5년 실적 안정성 확인
A209: 성장주 | B209: 매출성장률 20%+, 영업이익률 개선 추세, TAM 대비 시장점유율 확대 여부 | J209: PEG<1 (PER÷성장률) | 내러티브와 숫자 모두 확인
A210: 배당주 | B210: 배당수익률>3%, 5년 배당성장, FCF 대비 배당성향<60% | J210: 배당컷 리스크: 부채비율·이자보상배율 체크
A211: 이벤트드리븐 | B211: 합병·분할·지배구조 변경·실적 서프라이즈 직후 과잉반응 구간 매수 | J211: 이벤트 완료 후 3~6개월 모멘텀 추적
A212: 섹터로테이션 | B212: 경기 사이클(초기:금융/소재→성장:IT/산업재→후기:에너지/헬스케어→침체:유틸리티/필수소비) 확인 | J212: RSI 시트 섹터 데이터 활용 | 상대강도 분석
A213: 리스크 관리 | B213: 개별종목 5% 이하 | 섹터 집중도 30% 이하 | 분기마다 포트폴리오 리뷰 | J213: 손절선: 매수가 대비 -15~20% | 목표가 달성 시 일부 실현

Sheet 매도모니터링
A1: 🔍 매도 후 모니터링 — 재매수 타이밍 판단
A2: ★ 매도 후에도 해당 종목을 추적해 재진입 기회 포착 | 현재가는 KRX종목마스터 시트에서 자동 참조 (시세 업데이트 필요)
A3: 종목코드 | B3: 종목명 (자동) | C3: 계좌 | D3: 매수평균가 | E3: 매도일 | F3: 매도가 | G3: 매도수량 | H3: 매도금액 | I3: 실현손익 | J3: 실현수익률 | K3: 매도사유 | L3: 현재가 (자동) | M3: 매도후등락 | N3: 재매수검토 | O3: 재매수조건·메모
B4: =IFERROR(VLOOKUP(A4,KRX종목마스터!$A:$B,2,FALSE),"") | H4: =IF(AND(F4<>"",G4<>""),F4*G4,"") | I4: =IF(OR(D4="",F4="",G4=""),"",(F4-D4)*G4) | J4: =IF(OR(D4="",F4=""),"",(F4-D4)/D4) | L4: =IFERROR(VLOOKUP(A4,KRX종목마스터!$A:$C,3,FALSE),"") | M4: =IF(OR(F4="",L4=""),"",(L4-F4)/F4)
B5: =IFERROR(VLOOKUP(A5,KRX종목마스터!$A:$B,2,FALSE),"") | H5: =IF(AND(F5<>"",G5<>""),F5*G5,"") | I5: =IF(OR(D5="",F5="",G5=""),"",(F5-D5)*G5) | J5: =IF(OR(D5="",F5=""),"",(F5-D5)/D5) | L5: =IFERROR(VLOOKUP(A5,KRX종목마스터!$A:$C,3,FALSE),"") | M5: =IF(OR(F5="",L5=""),"",(L5-F5)/F5)
B6: =IFERROR(VLOOKUP(A6,KRX종목마스터!$A:$B,2,FALSE),"") | H6: =IF(AND(F6<>"",G6<>""),F6*G6,"") | I6: =IF(OR(D6="",F6="",G6=""),"",(F6-D6)*G6) | J6: =IF(OR(D6="",F6=""),"",(F6-D6)/D6) | L6: =IFERROR(VLOOKUP(A6,KRX종목마스터!$A:$C,3,FALSE),"") | M6: =IF(OR(F6="",L6=""),"",(L6-F6)/F6)
B7: =IFERROR(VLOOKUP(A7,KRX종목마스터!$A:$B,2,FALSE),"") | H7: =IF(AND(F7<>"",G7<>""),F7*G7,"") | I7: =IF(OR(D7="",F7="",G7=""),"",(F7-D7)*G7) | J7: =IF(OR(D7="",F7=""),"",(F7-D7)/D7) | L7: =IFERROR(VLOOKUP(A7,KRX종목마스터!$A:$C,3,FALSE),"") | M7: =IF(OR(F7="",L7=""),"",(L7-F7)/F7)
B8: =IFERROR(VLOOKUP(A8,KRX종목마스터!$A:$B,2,FALSE),"") | H8: =IF(AND(F8<>"",G8<>""),F8*G8,"") | I8: =IF(OR(D8="",F8="",G8=""),"",(F8-D8)*G8) | J8: =IF(OR(D8="",F8=""),"",(F8-D8)/D8) | L8: =IFERROR(VLOOKUP(A8,KRX종목마스터!$A:$C,3,FALSE),"") | M8: =IF(OR(F8="",L8=""),"",(L8-F8)/F8)
B9: =IFERROR(VLOOKUP(A9,KRX종목마스터!$A:$B,2,FALSE),"") | H9: =IF(AND(F9<>"",G9<>""),F9*G9,"") | I9: =IF(OR(D9="",F9="",G9=""),"",(F9-D9)*G9) | J9: =IF(OR(D9="",F9=""),"",(F9-D9)/D9) | L9: =IFERROR(VLOOKUP(A9,KRX종목마스터!$A:$C,3,FALSE),"") | M9: =IF(OR(F9="",L9=""),"",(L9-F9)/F9)
B10: =IFERROR(VLOOKUP(A10,KRX종목마스터!$A:$B,2,FALSE),"") | H10: =IF(AND(F10<>"",G10<>""),F10*G10,"") | I10: =IF(OR(D10="",F10="",G10=""),"",(F10-D10)*G10) | J10: =IF(OR(D10="",F10=""),"",(F10-D10)/D10) | L10: =IFERROR(VLOOKUP(A10,KRX종목마스터!$A:$C,3,FALSE),"") | M10: =IF(OR(F10="",L10=""),"",(L10-F10)/F10)
B11: =IFERROR(VLOOKUP(A11,KRX종목마스터!$A:$B,2,FALSE),"") | H11: =IF(AND(F11<>"",G11<>""),F11*G11,"") | I11: =IF(OR(D11="",F11="",G11=""),"",(F11-D11)*G11) | J11: =IF(OR(D11="",F11=""),"",(F11-D11)/D11) | L11: =IFERROR(VLOOKUP(A11,KRX종목마스터!$A:$C,3,FALSE),"") | M11: =IF(OR(F11="",L11=""),"",(L11-F11)/F11)
B12: =IFERROR(VLOOKUP(A12,KRX종목마스터!$A:$B,2,FALSE),"") | H12: =IF(AND(F12<>"",G12<>""),F12*G12,"") | I12: =IF(OR(D12="",F12="",G12=""),"",(F12-D12)*G12) | J12: =IF(OR(D12="",F12=""),"",(F12-D12)/D12) | L12: =IFERROR(VLOOKUP(A12,KRX종목마스터!$A:$C,3,FALSE),"") | M12: =IF(OR(F12="",L12=""),"",(L12-F12)/F12)
B13: =IFERROR(VLOOKUP(A13,KRX종목마스터!$A:$B,2,FALSE),"") | H13: =IF(AND(F13<>"",G13<>""),F13*G13,"") | I13: =IF(OR(D13="",F13="",G13=""),"",(F13-D13)*G13) | J13: =IF(OR(D13="",F13=""),"",(F13-D13)/D13) | L13: =IFERROR(VLOOKUP(A13,KRX종목마스터!$A:$C,3,FALSE),"") | M13: =IF(OR(F13="",L13=""),"",(L13-F13)/F13)
B14: =IFERROR(VLOOKUP(A14,KRX종목마스터!$A:$B,2,FALSE),"") | H14: =IF(AND(F14<>"",G14<>""),F14*G14,"") | I14: =IF(OR(D14="",F14="",G14=""),"",(F14-D14)*G14) | J14: =IF(OR(D14="",F14=""),"",(F14-D14)/D14) | L14: =IFERROR(VLOOKUP(A14,KRX종목마스터!$A:$C,3,FALSE),"") | M14: =IF(OR(F14="",L14=""),"",(L14-F14)/F14)
B15: =IFERROR(VLOOKUP(A15,KRX종목마스터!$A:$B,2,FALSE),"") | H15: =IF(AND(F15<>"",G15<>""),F15*G15,"") | I15: =IF(OR(D15="",F15="",G15=""),"",(F15-D15)*G15) | J15: =IF(OR(D15="",F15=""),"",(F15-D15)/D15) | L15: =IFERROR(VLOOKUP(A15,KRX종목마스터!$A:$C,3,FALSE),"") | M15: =IF(OR(F15="",L15=""),"",(L15-F15)/F15)
... B303: =IFERROR(VLOOKUP(A303,KRX종목마스터!$A:$B,2,FALSE),"") | H303: =IF(AND(F303<>"",G303<>""),F303*G303,"") | I303: =IF(OR(D303="",F303="",G303=""),"",(F303-D303)*G303) | J303: =IF(OR(D303="",F303=""),"",(F303-D303)/D303) | L303: =IFERROR(VLOOKUP(A303,KRX종목마스터!$A:$C,3,FALSE),"") | M303: =IF(OR(F303="",L303=""),"",(L303-F303)/F303)

Sheet KRX종목마스터
A1: 📑 KRX 종목 마스터 — VLOOKUP 참조용 | 기준일: 20260506 | 총 2881종목
A2: ★ 현재가는 Python 스크립트 실행 시 자동 업데이트 | 실시간 아님 (마지막 거래일 종가) | python create_asset_manager.py --update 로 시세 갱신
A3: 종목코드 | B3: 종목명 | C3: 현재가 | D3: 전일대비 | E3: 등락률 | F3: 시장구분
A4: 060310 | B4: 3S | C4: 1716 | E4: 0.1252 | F4: KOSDAQ
A5: 095570 | B5: AJ네트웍스 | C5: 4940 | E5: -0.0295 | F5: KOSPI
A6: 006840 | B6: AK홀딩스 | C6: 8160 | E6: -0.0274 | F6: KOSPI
A7: 054620 | B7: APS | C7: 6780 | E7: -0.016 | F7: KOSDAQ
A8: 079810 | B8: APS이노베이션 | C8: 6210 | E8: -0.049000001 | F8: KOSDAQ
A9: 265520 | B9: AP시스템 | C9: 26700 | E9: 0.025 | F9: KOSDAQ
A10: 211270 | B10: AP위성 | C10: 17630 | E10: 0.0080000001 | F10: KOSDAQ
A11: 139050 | B11: BF랩스 | C11: 490 | E11: 0.1343 | F11: KOSDAQ
A12: 027410 | B12: BGF | C12: 5290 | E12: 0 | F12: KOSPI
A13: 282330 | B13: BGF리테일 | C13: 130700 | E13: -0.0128 | F13: KOSPI
A14: 126600 | B14: BGF에코머티리얼즈 | C14: 4155 | E14: -0.0224 | F14: KOSDAQ
A15: 138930 | B15: BNK금융지주 | C15: 18300 | E15: 0.0055000001 | F15: KOSPI
... A2884: 238490 | B2884: 힘스 | C2884: 3445 | E2884: -0.014299999 | F2884: KOSDAQ
